Date, IOC.NS(percentage_actual%), IOC.NS(percentage_predict%)
2018-01-01,194.97500610351562,125.8204
2018-01-02,-0.9187418133080809,32.93121159076691
2018-01-03,-0.02588819743096178,-3.7514783442020416
2018-01-04,0.2581977876370474,2.0927710458636284
2018-01-05,-0.898783804766371,4.3836139142513275
2018-01-08,1.2096208562892603,-0.2943991217762232
2018-01-09,0.9811432628440003,1.153959147632122
2018-01-10,-0.7316149898149392,0.8753704838454723
2018-01-11,-0.16713651496157836,-0.6954134441912174
2018-01-12,0.03855388798114899,-0.068957224721089
2018-01-15,0.46053940960413975,-0.08180640870705247
2018-01-16,-1.7441135789362214,0.02035937795881182
2018-01-17,-0.026039866344048854,-1.4141126535832882
2018-01-18,-1.5870917057893879,-0.026163243455812335
2018-01-19,2.046903527450796,-1.3370548374950886
2018-01-22,-0.9019639756944444,1.2151067145168781
2018-01-23,1.7719553170611055,-1.0223238728940487
2018-01-24,0.23059029583207902,1.2037796899676323
2018-01-25,0.5098139337836213,0.09510087547823787
2018-01-29,1.8391107758703962,0.3714259248226881
2018-01-30,3.987989454298048,1.457428839057684
2018-01-31,0.32327731891387534,2.6940522715449333
2018-02-01,0.07178458898064934,0.06716023199260235
2018-02-02,-2.263550749579389,0.6730270572006702
2018-02-05,0.08557606442924817,-0.8589191362261772
2018-02-06,-1.918767117183093,0.4343414679169655
2018-02-07,0.8523810270614577,-1.280225720256567
2018-02-08,-4.966284645582577,0.5588258150964975
2018-02-09,-1.8354713638081426,-3.425190970301628
2018-02-12,0.10552536851758072,-1.1659030802547932
2018-02-14,-0.45050527678719093,-0.27286638505756855
2018-02-15,-0.14597089393991178,-1.1680481024086475
2018-02-16,-0.4666044679265573,-0.5339175928384066
2018-02-19,-1.460839709359382,-0.558800995349884
2018-02-20,-0.8319661053435812,-1.2763169594109058
2018-02-21,0.5156021428722863,-0.7162540685385466
2018-02-22,-1.4592476913100023,0.19217132357880473
2018-02-23,1.4115042821944923,-1.3723896816372871
2018-02-26,2.203349626117148,0.9861163794994354
2018-02-27,0.19870180838373513,1.505147758871317
2018-02-28,0.4877341538295177,-0.04010957491118461
2018-03-01,0.5766742351326999,0.6753571797162294
2018-03-05,-0.5932762030323006,0.7392270024865866
2018-03-06,0.7718503696523376,-0.3026033751666546
2018-03-07,-0.7380122181316726,0.7966574281454086
2018-03-08,0.7066244867579989,-0.4578826017677784
2018-03-09,0.8819698823565175,0.5973753519356251
2018-03-12,3.7813538318432287,0.6395101547241211
2018-03-13,1.765357876494387,2.6349034160375595
2018-03-14,-3.2401009254694366,1.0252976790070534
2018-03-15,-2.850815286501736,-1.8731703981757164
2018-03-16,-3.9512871728053107,-1.0348965413868427
2018-03-19,-3.850481359488677,-2.4435101076960564
2018-03-20,-2.329587374622963,-3.0301490798592567
2018-03-21,-0.8118348391120155,-2.277371659874916
2018-03-22,-1.3815348385681174,-1.5385123901069164
2018-03-23,-0.7403020164735272,-2.033199369907379
2018-03-26,-0.9868475989172466,-1.3325175270438194
2018-03-27,4.375183807968779,-1.3243715278804302
2018-03-28,0.9909399431018265,3.03019005805254
2018-04-02,-3.6081016517359705,0.42240372858941555
2018-04-03,2.124603547469249,-2.6487965136766434
2018-04-04,-1.7528484411249656,2.2898320108652115
2018-04-05,1.3828920271223981,-1.2560543604195118
2018-04-06,0.4017199129079985,0.9848427027463913
2018-04-09,3.0867647149928974,0.48220353201031685
2018-04-10,-0.2788622373060791,2.438672259449959
2018-04-11,-7.140720951542975,-0.13696282403543591
2018-04-12,0.5349146487277117,-4.869979619979858
2018-04-13,-1.753851702109321,0.7606652565300465
2018-04-16,-0.21212491122159094,-1.6773734241724014
2018-04-17,1.3157876724861488,-0.976781826466322
2018-04-18,-1.3640497372703815,0.6950382608920336
2018-04-19,-4.4317822951866175,-1.3877859339118004
2018-04-20,1.3429163481001427,-3.5506177693605423
2018-04-23,0.9894810605585207,0.8591441437602043
2018-04-24,0.8279706091677198,0.43137213215231895
2018-04-25,-1.52552730705566,0.22756310645490885
2018-04-26,0.3412893663043126,-1.1253002099692822
2018-04-27,1.0742787388390245,0.42907423339784145
2018-04-30,-0.3696801191896615,0.9496394544839859
2018-05-02,-0.7136265583802333,-0.3007254097610712
2018-05-03,0.3401379481372906,-0.4258762113749981
2018-05-04,-0.12383711965460527,0.4300817381590605
2018-05-07,1.7042014605902076,-0.07973519386723638
2018-05-08,1.3509456372094932,1.336846500635147
2018-05-09,0.38875233752880073,1.1471387930214405
2018-05-10,0.4465614847442542,0.43013165704905987
2018-05-11,0.6800763534978539,0.6368208676576614
2018-05-14,-0.4156842235169843,0.7905487902462482
2018-05-15,-0.717701537167883,-0.17521880799904466
2018-05-16,-0.7532389412395469,-0.4157315008342266
2018-05-17,-0.728374475412557,-0.5035828799009323
2018-05-18,-0.6414191028297923,-0.6525770295411348
2018-05-21,0.8779878909054288,-0.6824096664786339
2018-05-22,-2.8971924588687696,0.4677414894104004
2018-05-23,-4.5602605863192185,-2.4355726316571236
2018-05-24,1.5394445095860239,-3.683111071586609
2018-05-25,4.619151540362882,0.7839815691113472
2018-05-28,4.10677625422638,3.2165322452783585
2018-05-29,1.1597564716688655,2.909715473651886
2018-05-30,-0.966038563819214,1.1538821272552013
2018-05-31,1.895464064369826,0.017982906138058752
2018-06-01,-1.0153756530469327,2.241463027894497
2018-06-04,0.8342905194370894,-0.47674099914729595
2018-06-05,0.0862281685058062,0.8674155920743942
2018-06-06,0.5431657983958815,0.29214932583272457
2018-06-07,-0.057202999416971115,0.4286819603294134
2018-06-08,0.11428397042410714,0.004411297413753346
2018-06-11,-1.0976278622128752,0.12219861382618546
2018-06-12,0.6029215215435885,-0.8252166211605072
2018-06-13,0.5425540684845104,0.43654455803334713
2018-06-14,-2.0693692734512816,0.2964996499940753
2018-06-15,-2.265277527128353,-1.7118487507104874
2018-06-18,3.536511852982133,-1.6864471137523651
2018-06-19,-3.143527640037396,2.650386095046997
2018-06-20,-1.934711200191445,-2.84214299172163
2018-06-21,2.848755420567181,-1.6446331515908241
2018-06-22,-0.14705882352941177,2.311582863330841
2018-06-25,-1.5835039138541778,-0.5482985638082027
2018-06-26,-0.3297380345893323,-1.3863378204405308
2018-06-27,-7.1635140330868206,-0.01163874039775692
2018-06-28,-0.8422337165940288,-5.3748659789562225
2018-06-29,1.0576883951822915,-1.2044436298310757
2018-07-02,-1.4964236157612472,0.27365805581212044
2018-07-03,1.0302679150510905,-2.022021822631359
2018-07-04,-0.032208084868156205,0.3447191324084997
2018-07-05,-0.16129032258064516,-0.09123908821493387
2018-07-06,1.0848736320037673,-0.2431326312944293
2018-07-09,0.38144061784804906,0.9711536578834057
2018-07-10,-1.3204528513737923,0.4809946287423372
2018-07-11,-0.4529258715108294,-0.8617302402853966
2018-07-12,1.4663710310855131,-0.153047451749444
2018-07-13,1.4142048483241898,1.2870191596448421
2018-07-16,-1.0158768911210319,1.1481253430247307
2018-07-17,4.226206796725926,-0.6979628466069698
2018-07-18,1.644736872125231,3.6651059985160828
2018-07-19,-0.8443871355342127,1.5523850917816162
2018-07-20,-2.9493945420624788,-0.44778231531381607
2018-07-23,0.8923058143028847,-1.6923502087593079
2018-07-24,1.4852967526946634,0.933326967060566
2018-07-25,-1.1342677961351013,1.0089735500514507
2018-07-26,-2.707810433955917,-1.1553325690329075
2018-07-27,3.9903210932747486,-2.0735345780849457
2018-07-30,0.6308219110897983,3.1221233308315277
2018-07-31,-1.2777552581311655,0.22610751911997795
2018-08-01,2.172615414574033,-1.1502081528306007
2018-08-02,0.4149359578571594,2.0611099898815155
2018-08-03,-0.08899074088910894,0.4125474952161312
2018-08-06,-0.23788829604102696,-0.061918620485812426
2018-08-07,-0.9000900419664785,0.0856307684443891
2018-08-08,-0.4520795826357733,-0.5719574633985758
2018-08-09,-0.302297471856574,-0.3640591399744153
2018-08-10,0.571092378824489,-0.3178035840392113
2018-08-13,-3.5480936343539993,0.2862791996449232
2018-08-14,0.031115776420280423,-2.8483783826231956
2018-08-16,-1.3880106928972793,-0.16039214096963406
2018-08-17,0.6581028089464799,-1.2945801950991154
2018-08-20,-0.5672922722333501,0.033787236316129565
2018-08-21,-0.6024077150451567,-0.6817941553890705
2018-08-23,-2.8031311752590367,-0.67618228495121
2018-08-24,0.5510574415012156,-2.2610150277614594
2018-08-27,1.1851415958874585,0.1983144786208868
2018-08-28,-0.3535860115507707,0.7559555117040873
2018-08-29,0.6070268039886182,-0.49310484901070595
2018-08-30,-1.4586709886547813,0.5226758774369955
2018-08-31,0.8357460792368152,-0.9672087617218494
2018-09-03,-0.35484067855342744,0.696142390370369
2018-09-04,-1.6726816023640563,-0.18331874161958694
2018-09-05,0.229061581495563,-1.339803822338581
2018-09-06,0.5208352994586906,0.1646410790272057
2018-09-07,-0.1303860593151131,0.36262578796595335
2018-09-10,-1.5557701405152107,-0.23162011057138443
2018-09-11,-0.23225355713566098,-1.231840718537569
2018-09-12,-1.0730991141715562,-0.2250899327918887
2018-09-14,3.9613487255938002,-0.9357710368931293
2018-09-17,0.8304075544016514,2.989768795669079
2018-09-18,-2.588464475920612,0.7223663851618767
2018-09-19,0.6186889803720601,-1.9096635282039642
2018-09-21,2.908625369747054,0.8005412295460701
2018-09-24,-2.0651803880390394,2.521255612373352
2018-09-25,-0.5189770246082752,-1.6615454107522964
2018-09-26,0.19423959707706998,-0.32277728896588087
2018-09-27,-1.1791700777783443,0.3586814971640706
2018-09-28,0.45648006466900415,-1.067080069333315
2018-10-01,0.3897309883859749,0.17205532640218735
2018-10-03,2.809341615979035,0.23681195452809334
2018-10-04,-12.900919779773155,2.1494532003998756
2018-10-05,-18.84794529843825,-9.248200803995132
2018-10-08,5.4465322430682965,-13.412503898143768
2018-10-09,-1.7937194625945379,0.46524624340236187
2018-10-10,1.0887084468718498,-3.0270034447312355
2018-10-11,5.343511450381679,-1.727856695652008
2018-10-12,2.165790910137238,3.4791987389326096
2018-10-15,0.8515432279055167,2.1025165915489197
2018-10-16,0.2953074237699833,1.2638919986784458
2018-10-17,-2.380947712640678,1.26594677567482
2018-10-19,0.6383709227860545,-0.880160741508007
2018-10-22,-2.6204191880419074,0.9849240072071552
2018-10-23,0.19230769230769232,-1.5138114802539349
2018-10-24,5.488915219374347,0.0006425701485568425
2018-10-25,1.8201305786337318,4.474639892578125
2018-10-26,-1.779885445453568,1.857166551053524
2018-10-29,2.6864638626667965,-1.049098651856184
2018-10-30,-3.778425371369027,2.5662828236818314
2018-10-31,1.552902812477579,-2.3402350023388863
2018-11-01,2.396904482888966,0.9278177283704281
2018-11-02,4.317027923429595,2.053007110953331
2018-11-05,-5.6664267821215715,3.4845758229494095
2018-11-06,-2.147795280051814,-4.019952937960625
2018-11-07,1.1514867793214467,-1.7680170014500618
2018-11-09,1.906104528472697,0.833654124289751
2018-11-12,-4.887071970074018,1.0869215242564678
2018-11-13,4.490799942590693,-4.006389528512955
2018-11-14,2.751031752345016,3.032544255256653
2018-11-15,0.8523696229284099,2.4770110845565796
2018-11-16,-2.3020492866849054,0.6523873191326857
2018-11-19,-0.5612087229961988,-1.3742567971348763
2018-11-20,-2.517080131740245,-0.13579720398411155
2018-11-21,1.8008495351996328,-1.8408708274364471
2018-11-22,-2.423150888618897,1.033206470310688
2018-11-26,-0.9492538011878345,-1.9825829192996025
2018-11-27,1.083423642516046,-1.220877282321453
2018-11-28,-3.282352701465811,0.6051974836736917
2018-11-29,0.5932539974404614,-2.728697471320629
2018-11-30,-0.18573550420772994,-0.0981487100943923
2018-12-03,-1.3554239536096055,-0.25307461619377136
2018-12-04,2.1009885536017157,-1.339238602668047
2018-12-05,-1.0052053715935436,1.4325778931379318
2018-12-06,-2.7151074965642925,-0.6211454514414072
2018-12-07,-0.7707129094412332,-2.1737858653068542
2018-12-10,3.4238972047171745,-0.7667496800422668
2018-12-11,-1.8188777648966894,2.578311413526535
2018-12-12,3.049235098576706,-1.2773669324815273
2018-12-13,0.9461338069258914,2.2854845970869064
2018-12-14,2.7256680378871683,1.3108906336128712
2018-12-17,1.1546493820563895,2.4991795420646667
2018-12-18,1.278069846988342,1.5430856496095657
2018-12-19,0.8221973095811291,1.5583837404847145
2018-12-20,1.285092375270628,1.2191656976938248
2018-12-21,-5.796068768168604,1.4425826258957386
2018-12-24,-3.480190182921297,-4.027290269732475
2018-12-26,-0.29707328140018685,-2.9588602483272552
2018-12-27,-0.560119517690054,-0.8343062363564968
2018-12-28,3.1114349831485333,-1.3112653978168964
2018-12-31,-0.8391053417562293,1.596841961145401
2019-01-01,0.4720362461073188,-0.8607224561274052
2019-01-02,-0.32786662895605645,0.135492323897779
2019-01-03,-3.467777093985633,-0.09946880163624883
2019-01-04,0.9705136852374316,-2.6372576132416725
2019-01-07,-0.3746721704264423,0.43611302971839905
2019-01-08,0.41045003862523316,-0.29914972838014364
2019-01-09,-1.5151515151515151,0.06579638575203717
2019-01-10,-1.6166329501055194,-1.1703362688422203
2019-01-11,0.9908560076191602,-1.3883172534406185
2019-01-14,0.8314482827980628,0.5672214087098837
2019-01-15,1.6722407647471287,0.6185639183968306
2019-01-16,0.9204712606107853,1.3219032436609268
2019-01-17,1.3439817847851077,1.0178815573453903
2019-01-18,0.14509408645296318,1.4248568564653397
2019-01-21,-1.6218299344046394,0.578202260658145
2019-01-22,0.2206716134550759,-0.9153292514383793
2019-01-23,0.11021980054824007,0.2838598331436515
2019-01-24,0.5116936642006843,0.16830441309139132
2019-01-25,0.6896529569816243,0.3042589873075485
2019-01-28,0.21731477372393476,0.5228787194937468
2019-01-29,-0.5096446429821239,0.2112876856699586
2019-01-30,-2.0810129975847906,-0.35742188338190317
2019-01-31,1.6806744239514697,-1.6155816614627838
2019-02-01,0.2550953735506235,1.0800236836075783
2019-02-04,-0.9565880133504866,0.19087387481704354
2019-02-05,-1.6074720721378506,-0.8990969508886337
2019-02-06,2.9742516662906855,-1.3176221400499344
2019-02-07,0.14487283145311086,2.1872811019420624
2019-02-08,-3.176382588239534,0.24036006070673466
2019-02-11,1.5090194771104695,-2.4816127493977547
2019-02-12,-0.8163310601229127,1.0509082116186619
2019-02-14,-8.102686201752036,-0.5009189248085022
2019-02-15,0.6377006311872141,-6.206344440579414
2019-02-18,-0.40016007379905266,-0.6978814955800772
2019-02-19,0.5175171447257891,-0.7536494638770819
2019-02-20,2.8615657310971874,-0.4466561134904623
2019-02-21,1.372999975558005,1.907922700047493
2019-02-22,4.446057565896116,1.330984104424715
2019-02-25,1.0101075711553853,4.0015410631895065
2019-02-26,2.5659008059644113,1.7208145931363106
2019-02-27,-0.958130704042074,2.834627777338028
2019-02-28,2.558791183163921,0.21964586339890957
2019-03-01,2.330291710319033,2.58852019906044
2019-03-05,3.644641111082201,2.484571561217308
2019-03-06,0.8069722719520198,3.3160891383886337
2019-03-07,-3.129159150290643,1.1437023058533669
2019-03-08,-1.0087424551340798,-1.9299199804663658
2019-03-11,3.2530905005051682,-0.5344236269593239
2019-03-12,0.25957763752762875,2.4822989478707314
2019-03-13,-3.596642758665966,-0.0981223420239985
2019-03-14,1.5552653928456377,-2.967323549091816
2019-03-15,3.972036706429056,1.0789433494210243
2019-03-18,3.3476639103683,3.059457615017891
2019-03-19,-0.061466567542369864,2.457299269735813
2019-03-20,-2.3270421058126964,0.16204208368435502
2019-03-22,-1.241640821617521,-1.2346179224550724
2019-03-25,4.441741880532645,-0.5657389760017395
2019-03-26,-1.5760216339069526,3.545035794377327
2019-03-27,-0.2167891670061972,-1.4415319077670574
2019-03-28,-0.09299063462276878,-0.1819838653318584
2019-04-01,-1.6383151565929652,0.2144362311810255
2019-04-02,-0.3477730464648718,-1.3907826505601406
2019-04-03,-3.0628850060045747,-0.45576696284115314
2019-04-04,1.1275773417596198,-2.5298859924077988
2019-04-05,2.051120266705726,0.4433712922036648
2019-04-08,-4.209137631063261,1.3408630155026913
2019-04-09,2.155721348971269,-3.549065440893173
2019-04-10,0.766291290076974,1.5346331521868706
2019-04-11,0.8546950749033151,0.7003019563853741
2019-04-12,-1.6736342082884048,0.46627246774733067
2019-04-15,-0.876627339945211,-1.1228621006011963
2019-04-16,1.0918413497511503,-0.5232682917267084
2019-04-18,0.2562518511422586,0.9138482622802258
2019-04-22,-4.240404743583055,0.12412579962983727
2019-04-23,-0.23427450991606846,-3.301803395152092
2019-04-24,2.8608641534244423,-0.35169722978025675
2019-04-25,-0.7203707436146664,2.1200351417064667
2019-04-26,0.09814141268129606,-0.8780395612120628
2019-04-30,3.290096075821843,-0.005626208439934999
2019-05-02,0.031627482496789476,2.911697141826153
2019-05-03,-1.2488070978241348,0.17818158958107233
2019-05-06,0.350991105596178,-0.7680718321353197
2019-05-07,-2.1179537729780513,0.6594447419047356
2019-05-08,-0.8212877957054628,-1.5200641006231308
2019-05-09,-1.0624108764157694,-0.8099428378045559
2019-05-10,-2.0325202411550203,-0.9852513670921326
2019-05-13,-3.5063112103728944,-1.9453922286629677
2019-05-14,0.6963788004849659,-3.1498946249485016
2019-05-15,1.4751244572791595,-0.13940806966274977
2019-05-16,3.572606096287758,0.6828743498772383
2019-05-17,-1.0360880546329905,2.558610774576664
2019-05-20,5.106240472330438,-0.6724823731929064
2019-05-21,-2.7035790856575734,4.541607201099396
2019-05-22,1.2544207053869858,-1.4987258240580559
2019-05-23,-0.8106355543052101,1.3186682015657425
2019-05-24,1.658167125581875,-0.037636098568327725
2019-05-27,3.3292194809396367,1.3905767351388931
2019-05-28,0.7647598796810152,2.849888429045677
2019-05-29,-1.9332651866101775,0.7467075251042843
2019-05-30,0.9879536121497463,-1.1762702837586403
2019-05-31,2.1745732631548873,1.1600678786635399
2019-06-03,2.445488492112411,1.812920719385147
2019-06-04,-2.6307775531639814,1.823212392628193
2019-06-06,-1.1005827075332886,-1.8883561715483665
2019-06-07,0.15262514978159344,-0.5286872386932373
2019-06-10,-1.9607900871151989,0.2248449483886361
2019-06-11,1.1384652944711537,-1.8302246928215027
2019-06-12,0.030761643075387052,0.5840536206960678
2019-06-13,-1.1512172611375155,-0.18097555730491877
2019-06-14,-0.5632001747790173,-1.170159038156271
2019-06-17,-2.8976174575477995,-0.5172159057110548
2019-06-18,1.4906380816415419,-2.358062192797661
2019-06-19,-2.1049223630014673,0.8387167938053608
2019-06-20,1.499206445624003,-1.8813073635101318
2019-06-21,-1.8849488342126932,0.8115734905004501
2019-06-24,-1.1838230947914494,-1.5095323324203491
2019-06-25,1.649419761374657,-1.1453265324234962
2019-06-26,0.2258734118229571,1.2508513405919075
2019-06-27,1.053645651956584,0.08354190504178405
2019-06-28,-0.4490136205496257,0.8067194372415543
2019-07-01,-2.8025058826583478,-0.11662570759654045
2019-07-02,1.9715598654977664,-2.0078103989362717
2019-07-03,0.9285923822727945,1.5968000516295433
2019-07-04,0.25551526507552247,0.7593919057399035
2019-07-05,-2.8580855392493256,0.09788855677470565
2019-07-08,-5.657753366069729,-2.031056210398674
2019-07-09,4.854683712703396,-4.256264492869377
2019-07-10,-2.1937226688452287,3.3582989126443863
2019-07-11,-0.16903313746921161,-2.017044462263584
2019-07-12,-0.715006979453992,-0.7516260724514723
2019-07-15,-0.9972574057077108,-0.496088108047843
2019-07-16,1.122073526712323,-0.9733652696013451
2019-07-17,-0.13619131081357136,0.6810765247792006
2019-07-18,0.5081300602887551,-0.1392979291267693
2019-07-19,-0.7508574085430888,0.36518999841064215
2019-07-22,0.9800587888821954,-0.44851209968328476
2019-07-23,-0.40718752621228926,0.8471298031508923
2019-07-24,0.4055362332561988,-0.16786031192168593
2019-07-25,-0.8864664888260712,0.3657745895907283
2019-07-26,-3.420303766112253,-0.5560141988098621
2019-07-29,-2.5678141423202985,-2.6439452543854713
2019-07-30,-3.5580524344569286,-2.2730544209480286
2019-07-31,4.163677620023299,-3.2284289598464966
2019-08-01,-1.7159592229883496,2.3638278245925903
2019-08-02,-1.2569293517502311,-1.6122112050652504
2019-08-05,-2.2684310018903595,-1.5188413672149181
2019-08-06,0.1132884466759464,-1.8309606239199638
2019-08-07,-2.635654183321221,-0.26107903104275465
2019-08-08,1.4138372313502856,-2.2481808438897133
2019-08-09,-0.26820391073994254,0.5891493987292051
2019-08-13,-3.6536921512074474,-0.19680890254676342
2019-08-14,0.43495091786234075,-2.9188236221671104
2019-08-16,-0.15841342435024752,-0.06529364618472755
2019-08-19,-0.35770821727011054,-0.1328559243120253
2019-08-20,-1.288249712423419,-0.48476653173565865
2019-08-21,-2.602225375523138,-1.0691119357943535
2019-08-22,-2.758913341090532,-2.095440775156021
2019-08-23,4.071661136598341,-2.452852763235569
2019-08-26,2.151391990631225,2.5623617693781853
2019-08-27,0.19880715705765406,1.9158469513058662
2019-08-28,-2.3189572324952112,0.34556142054498196
2019-08-29,0.6065507405942339,-1.3562791980803013
2019-08-30,-0.9799955961974773,0.6146352272480726
2019-09-03,-4.434965414279051,-0.47510480508208275
2019-09-04,2.575819288263379,-3.3854708075523376
2019-09-05,3.4883709547535906,1.2544753029942513
2019-09-06,1.772351362022742,2.8132881969213486
2019-09-09,-0.23686965554594328,1.5622648410499096
2019-09-11,-0.476000364613023,0.20028583239763975
2019-09-12,-1.3263677698071867,0.07110987789928913
2019-09-13,4.381248509013475,-0.6928370334208012
2019-09-16,-1.2057588603352565,3.4439053386449814
2019-09-17,-2.67572379007367,-0.4422189202159643
2019-09-18,2.3019875838816697,-2.069610543549061
2019-09-19,-1.5451640217090739,1.6675535589456558
2019-09-20,4.790649533999701,-0.991478469222784
2019-09-23,7.080260271203192,3.436204418540001
2019-09-24,-2.847870969828632,6.351104378700256
2019-09-25,1.421464138862575,-1.5777725726366043
2019-09-26,2.663442422852863,1.5707381069660187
2019-09-27,0.6870491096069565,3.0046839267015457
2019-09-30,1.2550820361809298,0.8908155374228954
2019-10-01,0.7741562649936474,1.261993683874607
2019-10-03,2.1087294551843083,1.0017067193984985
2019-10-04,-0.46342067798722986,1.879844255745411
2019-10-07,-1.580367284293616,-0.16283455770462751
2019-10-09,-0.33738192327670663,-1.136605255305767
2019-10-10,0.0,-0.2725327853113413
2019-10-11,-3.3472826053415132,-0.2148517407476902
2019-10-14,0.9326467036377375,-2.9117215424776077
2019-10-15,1.1608036761127376,0.17366018146276474
2019-10-16,-0.6183400052312852,0.6131128408014774
2019-10-17,0.580594863499495,-0.8622125722467899
2019-10-18,-0.5494421424680378,0.3035751869902015
2019-10-22,0.5803966285004178,-0.3693225793540478
2019-10-23,-1.3494788569150087,0.41184998117387295
2019-10-24,-2.2646828585488685,-0.9878776967525482
2019-10-25,0.5629859376466417,-1.8335558474063873
2019-10-27,0.42045610200270805,0.2504714531823993
2019-10-29,1.143061368553175,0.18518805736675858
2019-10-30,1.9028120347313489,0.7258641999214888
2019-10-31,-0.23841337701005696,1.621561124920845
2019-11-01,-2.9092249091051063,0.07156699430197477
2019-11-04,-2.847870969828632,-2.0136523991823196
2019-11-05,-1.240873684848312,-2.146667242050171
2019-11-06,-1.0324438299918912,-1.2685676105320454
2019-11-07,0.18402649154796785,-1.340682152658701
2019-11-08,-1.3427847898390697,-0.4715383052825928
2019-11-11,1.1430700457156,-1.4327329583466053
2019-11-13,-1.3074336348155275,0.49419584684073925
2019-11-14,2.1921811225428445,-1.0676851496100426
2019-11-15,-3.9104094719891145,1.547311618924141
2019-11-18,0.6412720361716753,-2.749977633357048
2019-11-19,0.3383435701069079,0.16530993161723018
2019-11-20,-1.6042828124012813,0.40402933955192566
2019-11-21,-1.5515904536086624,-1.340209972113371
2019-11-22,0.6933814592550961,-1.3801956549286842
2019-11-25,0.8024478431641444,0.35448758862912655
2019-11-26,-1.198764899593512,0.5604667123407125
2019-11-27,1.372999975558005,-0.9617260657250881
2019-11-28,1.093924492537353,0.9983530268073082
2019-11-29,-0.87519726688831,1.108355913311243
2019-12-02,-2.137582689831087,-0.491831311956048
2019-12-03,-0.11672676769212062,-1.5315186232328415
2019-12-04,-1.300750134589498,-0.1799913588911295
2019-12-05,-0.7145705023309784,-1.0855472646653652
2019-12-06,-1.2459770123401774,-0.920654833316803
2019-12-09,0.8764928080646165,-1.2471677735447884
2019-12-10,-2.407178192395707,0.27946350164711475
2019-12-11,2.3894862023724954,-1.9496778026223183
2019-12-12,1.990634605979015,1.3775480911135674
2019-12-13,0.11695430525097467,1.7702838405966759
2019-12-16,-1.6646836692192128,0.30748159624636173
2019-12-17,-0.39793075521532717,-0.9929843246936798
2019-12-18,0.3173355939663566,-0.1616699853911996
2019-12-19,1.0596534206845099,0.33923478331416845
2019-12-20,0.0,0.8254022337496281
2019-12-23,-0.7512887311698152,0.10549649596214294
2019-12-24,0.7456864727303345,-0.5075607914477587
2019-12-26,-1.8385316385384325,0.5855095572769642
2019-12-27,1.7282046542781604,-1.292116567492485
2019-12-30,-0.5529262133283596,1.0769742541015148
2019-12-31,-0.8363165247637805,-0.2785115269944072
2020-01-01,0.3175815054991611,-0.7820134982466698
2020-01-02,0.8267740565022146,0.1508435932919383
2020-01-03,-0.11825110578106024,0.6278818007558584
2020-01-06,-1.5612465367649768,-0.0687020889017731
2020-01-07,-0.2810104099119523,-1.1902072466909885
2020-01-08,-2.2158429310199415,-0.3612668486312032
2020-01-09,2.1285152818304467,-1.7640359699726105
2020-01-10,0.7572714000416713,1.1748622171580791
2020-01-13,1.181567574681828,0.6497641559690237
2020-01-14,-0.039397495478426456,0.8949499577283859
2020-01-15,-0.9546576028405384,0.23496008943766356
2020-01-16,-1.2484860276382572,-0.5146071314811707
2020-01-17,-1.2229922391672396,-0.8668854832649231
2020-01-20,-4.382980022024601,-1.0229453444480896
2020-01-21,-2.351913655459476,-3.485264629125595
2020-01-22,-1.0118799035977513,-2.6321468874812126
2020-01-23,3.9712691244942504,-1.6305215656757355
2020-01-24,1.0865048350848845,2.2009775042533875
2020-01-27,-1.8731414515116724,0.8465074934065342
2020-01-28,0.3816832670167042,-1.3871499337255955
2020-01-29,0.338124696162434,0.30589806847274303
2020-01-30,-0.9816487502348571,0.5755089223384857
2020-01-31,-3.2613527343898685,-0.5612988490611315
2020-02-03,-4.997680466420427,-2.3882756009697914
2020-02-04,5.052723941830494,-3.964770957827568
2020-02-05,0.7846503229555385,2.774166688323021
2020-02-06,2.0076941838920637,0.8620872162282467
2020-02-07,0.3829761261635638,1.363854669034481
2020-02-10,-1.4680456851822008,0.7581021171063185
2020-02-11,0.21542438037550163,-0.6688113790005445
2020-02-12,-0.8253732321728191,0.31424970366060734
2020-02-13,-0.3050095635042211,-0.38058338686823845
2020-02-14,0.3040820840669141,-0.3037458285689354
2020-02-17,-2.951695288268953,0.15193724539130926
2020-02-18,0.754548124818112,-2.184213697910309
2020-02-19,1.3572639787948255,-0.011987979814875871
2020-02-20,-1.6918912242670991,0.9193087927997112
2020-02-24,-1.5829940766086428,-1.2787825427949429
2020-02-25,-0.09054423384229582,-1.4971422031521797
2020-02-26,-1.9381619784910924,-0.3731257515028119
2020-02-27,-2.555605214620678,-1.60164013504982
2020-02-28,0.09456120484264184,-2.371625043451786
2020-03-02,-1.7316047182320295,-0.642579747363925
2020-03-03,2.5316498256041333,-1.59497931599617
2020-03-04,-0.046907178680637186,1.2164052575826645
2020-03-05,-1.7175528339195882,0.137388298753649
2020-03-06,-3.9682538481135947,-1.2656649574637413
2020-03-09,-1.4084522176937937,-2.916289120912552
2020-03-11,-2.579979319538328,-1.6359562054276466
2020-03-12,-10.238907672089496,-2.277139201760292
2020-03-13,4.71544550040227,-7.359819859266281
2020-03-16,-2.842812863448803,0.5706286523491144
2020-03-17,-0.3355653436722153,-2.0668499171733856
2020-03-18,-2.0547980400816694,-1.5341686084866524
2020-03-19,0.3979516614731264,-2.0119911059737206
2020-03-20,2.9249465458168307,-0.46261847019195557
2020-03-23,-12.19814052522736,1.8320482224225998
2020-03-24,-1.317444281007555,-7.000906765460968
2020-03-25,-2.376362890663473,-3.0888430774211884
2020-03-26,0.19230964856270033,-2.256430871784687
2020-03-27,-1.430427116117696,-1.036972552537918
2020-03-30,-0.13020634133790568,-1.6542717814445496
2020-03-31,5.939985772791309,-0.9644249454140663
2020-04-01,-3.4198919341400105,3.4396104514598846
2020-04-03,0.6918277380601415,-1.2070966884493828
2020-04-07,4.216867469879518,0.05256239674054086
2020-04-08,-1.529051987767584,3.1949423253536224
2020-04-09,1.9784190595810875,0.18988323863595724
2020-04-13,-0.3006614496840293,1.5356202609837055
2020-04-15,0.06009065408305586,0.670862291008234
2020-04-16,1.7709563802187716,0.49872403033077717
2020-04-17,1.51163145553234,1.5592776238918304
2020-04-20,1.7704203286451992,1.6339724883437157
2020-04-21,-5.481931387660015,1.771460473537445
2020-04-22,0.0,-2.770441211760044
2020-04-23,0.1203351094551887,-0.7158592808991671
2020-04-24,-1.9631883118050228,-0.004875324520980939
2020-04-27,0.0,-1.4587112702429295
2020-04-28,-2.3226596844697043,-0.7237129379063845
2020-04-29,1.0558987256162655,-1.8494095653295517
2020-04-30,4.394295822263009,-0.18253761809319258
2020-05-04,-5.5799334774196705,2.645163983106613
2020-05-05,-1.3341843614661855,-2.9055316001176834
2020-05-06,-2.808613730597369,-1.8667398020625114
2020-05-07,-1.0561096392842408,-2.1301517263054848
2020-05-08,-1.882987968542061,-1.4785143546760082
2020-05-11,1.3271400401467153,-1.8525594845414162
2020-05-12,-0.600796981408215,-0.11718453606590629
2020-05-13,1.4473664133172286,-0.6581264082342386
2020-05-14,-1.1310691375413817,0.42990678921341896
2020-05-15,0.4635741379087334,-0.6313533522188663
2020-05-18,-5.520610453901504,0.04714029491879046
2020-05-19,0.693962496630042,-3.1178709119558334
2020-05-20,2.7665255932214734,-0.6453224923461676
2020-05-21,0.4701121403193791,1.5178465284407139
2020-05-22,1.3907325188845199,0.5774621851742268
2020-05-26,2.1386927974660326,0.896210316568613
2020-05-27,0.515798207785937,1.730751059949398
2020-05-28,0.19304234539969095,1.0360874235630035
2020-05-29,6.610577165551448,0.6559441331773996
2020-06-01,3.424265264523015,4.894208163022995
2020-06-02,-0.4079236150026258,4.045042768120766
2020-06-03,1.3793068370599857,1.1291003786027431
2020-06-04,-1.28055699019947,1.8035070970654488
2020-06-05,3.914988747496658,0.30082128942012787
2020-06-08,3.974218054655148,3.07830311357975
2020-06-09,-2.7026992906809366,3.875879943370819
2020-06-10,-0.7782152322245279,-0.658546993508935
2020-06-11,-1.810977364747499,-0.4704715684056282
2020-06-12,-0.056619955419453374,-1.0051598772406578
2020-06-15,-2.4362020624856284,-0.3718393389135599
2020-06-16,-1.5910412473759061,-1.8695862963795662
2020-06-17,-0.5927682383460884,-1.8950946629047394
2020-06-18,0.5892752021115215,-1.2625079602003098
2020-06-19,0.5275551717901671,-0.38151999469846487
2020-06-22,3.1232253318418253,-0.14556858222931623
2020-06-23,1.4549473358299,1.7826970666646957
2020-06-24,-2.5832377031194937,1.3929747976362705
2020-06-25,-2.410341386014697,-1.287598442286253
2020-06-26,4.59898867520594,-1.7182976007461548
2020-06-29,-2.353620077693691,2.836982347071171
2020-06-30,-2.0503808216594357,-0.6903308443725109
2020-07-01,0.3502662538390819,-1.6297094523906708
2020-07-02,3.0560237632975773,-0.10659511899575591
2020-07-03,-0.5691519734599544,2.0481977611780167
2020-07-06,0.11369923546437641,0.09667407139204443
2020-07-07,-2.0893736395611953,0.05011037574149668
2020-07-08,0.9200637727905685,-1.1917578987777233
2020-07-09,-0.5202276858291185,0.32661587465554476
2020-07-10,-0.4062663585861417,-0.2154114656150341
2020-07-13,1.4302059246874022,-0.4290939774364233
2020-07-14,-1.1574073869668573,0.779116153717041
2020-07-15,-0.8756567269568462,-0.5637464579194784
2020-07-16,-1.661722879381491,-0.7894588634371758
2020-07-17,3.049483865762342,-1.2759923934936523
2020-07-20,1.5855056370250444,1.5890257433056831
2020-07-21,5.5109620809690645,1.4538025483489037
2020-07-22,-1.5760836393936821,4.187868535518646
2020-07-23,2.4390275475340393,0.17765028169378638
2020-07-24,-1.6163792571896767,2.016402967274189
2020-07-27,1.013330078125,-0.054538348922505975
2020-07-28,-0.37473069422179567,0.9386218152940273
2020-07-29,-0.8639341954000023,0.24143368937075138
2020-07-30,-4.573681855206762,-0.46002925373613834
2020-07-31,-0.11306512941333965,-3.0596964061260223
2020-08-03,-2.610208909115144,-1.080361194908619
2020-08-04,0.8625647226260913,-2.184898778796196
2020-08-05,-0.4041552890161825,-0.5410776007920504
2020-08-06,0.6880716687148792,-0.7847009226679802
2020-08-07,-0.9259206113829329,-0.139661505818367
2020-08-10,0.8036704483412461,-0.842726044356823
2020-08-11,-0.05743299323442319,0.17379192868247628
2020-08-12,-1.3977921944849565,0.00968712120084092
2020-08-13,1.1514104980646285,-0.9178224951028824
2020-08-14,-2.4174473450337772,0.5472307559102774
2020-08-17,3.141062140653787,-1.3236002996563911
2020-08-18,-0.6321874158135776,1.6936518251895905
2020-08-19,1.1363636363636365,0.15173685969784856
2020-08-20,1.179116244552544,0.7750023156404495
2020-08-21,-0.2251036365464577,1.172325760126114
2020-08-24,-0.5659309661974208,0.31298743560910225
2020-08-25,-0.056619955419453374,-0.1411722507327795
2020-08-26,-0.45506429912989316,0.08309581317007542
2020-08-27,-0.80275757125566,-0.18852452049031854
2020-08-28,0.6833782262648936,-0.5807674489915371
2020-08-31,-2.331002248092607,0.24670760612934828
2020-09-01,-1.3585369227989106,-1.4943634159862995
2020-09-02,0.762018174236761,-1.4380279928445816
2020-09-03,-0.23502300966261488,-0.023777110618539155
2020-09-04,-1.4302704724886677,-0.3359662601724267
2020-09-07,-0.119329917039897,-1.233822014182806
2020-09-08,-1.268885863151435,-0.5639199633151293
2020-09-09,-2.731218950828057,-1.0471920482814312
2020-09-10,3.5906641417374345,-2.149524912238121
2020-09-11,-0.541521764018875,1.5508444979786873
2020-09-14,-0.48367780004786126,0.022950164566282183
2020-09-15,-0.547108751662234,-0.4907592199742794
2020-09-16,0.5441317591871475,-0.4284755792468786
2020-09-17,-1.1002369962198122,0.30664491932839155
2020-09-18,-1.3630807250477666,-0.5672452505677938
2020-09-21,-3.8610040126492815,-1.0326177813112736
2020-09-22,-2.035450284050919,-2.645096369087696
2020-09-23,-0.2633371766598178,-2.143997699022293
2020-09-24,-5.486106872558594,-1.0074853897094727
2020-09-25,2.8340060963084954,-3.803371638059616
2020-09-28,2.0489134441425967,0.014847515558358282
2020-09-29,-1.068808374170386,1.0250666178762913
2020-09-30,-1.2855168181688195,-0.7293344475328922
2020-10-01,0.26990142018968466,-1.1816233396530151
2020-10-05,1.919264750582934,-0.15312759205698967
2020-10-06,-0.2654340831943217,1.1979562230408192
2020-10-07,-0.19947012229554695,0.21626995876431465
2020-10-08,0.39735503544081124,-0.025132152950391173
2020-10-09,1.3071895424836601,0.39508198387920856
2020-10-12,-1.0568072443976355,1.0855802334845066
2020-10-13,0.5256261943486538,-0.19884731154888868
2020-10-14,-1.9423937288728887,0.35097282379865646
2020-10-15,-0.13413611003029446,-0.9125296957790852
2020-10-16,-0.47170635837056696,-0.33547007478773594
2020-10-19,3.385424479427954,-0.36074845120310783
2020-10-20,-2.33177871930681,1.9100306555628777
2020-10-21,1.2499959845291941,-0.8822953328490257
2020-10-22,2.1878983462182062,0.3938924986869097
2020-10-23,0.7028792993710063,1.623561978340149
2020-10-26,-0.19206341716973294,0.9715956635773182
2020-10-27,0.0,0.23282556794583797
2020-10-28,-0.06405563152909483,0.24115429259836674
2020-10-29,0.44642661646577064,0.21063219755887985
2020-10-30,1.4456335408694805,0.4454431589692831
2020-11-02,-1.7263505833755293,1.1081203818321228
2020-11-03,-0.2564063439002404,-0.6925481371581554
2020-11-04,-0.06414759937837317,-0.3555957693606615
2020-11-05,2.3183032992062946,-0.07441463530994952
2020-11-06,0.5607438607379284,1.4078445732593536
2020-11-09,1.1699470245642085,0.7317122537642717
2020-11-10,3.620181663807492,0.9312944486737251
2020-11-11,0.8823529411764706,2.782107889652252
2020-11-12,0.35170344786011143,1.5512376092374325
2020-11-13,-0.648971152516593,0.8655774407088757
2020-11-14,2.1927310933877493,0.16104334499686956
2020-11-17,-2.001182623552638,1.778031513094902
2020-11-18,0.3519097381323314,-0.5864599719643593
2020-11-19,-0.6493542757668623,0.10220810072496533
2020-11-20,0.1767843589586582,-0.28186223935335875
2020-11-23,1.8507790984411676,-0.027017350657843053
2020-11-24,-0.3482245119556551,1.1283265426754951
2020-11-25,-0.46647408265761664,0.005644690099870786
2020-11-26,-0.17523543055232094,-0.379693484865129
2020-11-27,-1.1820331182463286,-0.19791903905570507
2020-12-01,1.4560279816158694,-0.8238335140049458
2020-12-02,2.8846187870384874,0.6428115535527468
2020-12-03,1.6685205501005527,2.076161466538906
2020-12-04,0.5530973357969076,1.649286411702633
2020-12-07,1.4176613583717257,0.8893581107258797
2020-12-08,-0.7138867377246356,1.4528165571391582
2020-12-09,3.086741874065206,0.198426959104836
2020-12-10,-1.6224987014761827,2.4010038003325462
2020-12-11,1.4917437918392222,-0.24165951181203127
2020-12-14,2.442825934168633,1.0496937669813633
2020-12-15,-0.7857517275843267,2.1850230172276497
2020-12-16,0.934096045803924,0.08459512609988451
2020-12-17,-0.995803913047616,0.7435479667037725
2020-12-18,-1.5433790577295472,-0.32246680930256844
2020-12-21,-7.864521922071384,-1.1042354628443718
2020-12-22,0.9664565134906263,-5.2742354571819305
2020-12-23,0.22689117887082713,-1.1990020051598549
2020-12-24,2.326868115369633,-0.5078681278973818
2020-12-28,1.5812399089398035,0.7822933606803417
2020-12-29,-0.5482456323806238,0.8958962745964527
2020-12-30,-0.3300279618563853,-0.28923237696290016
2020-12-31,0.054970229841494814,-0.23101046681404114
2021-01-01,0.6010962314293032,0.15424086013808846
2021-01-04,2.503994152721377,0.5750155076384544
2021-01-05,-0.9139768538936492,1.987268589437008
2021-01-06,1.1689675791265923,0.01618486421648413
2021-01-07,0.42328203796709657,0.953167024999857
2021-01-08,1.7160702024896026,0.799877755343914
2021-01-11,-0.15625158945719403,1.5488837845623493
2021-01-12,1.9908085849891208,0.44266232289373875
2021-01-13,2.9717682919179507,1.644991710782051
2021-01-14,2.1802326226118405,2.728957310318947
2021-01-15,-1.875610897576775,2.3720527067780495
2021-01-18,-3.0518818991494974,-0.5468133371323347
2021-01-19,0.25367832801456297,-1.9285766407847404
2021-01-20,-0.25432349159579143,-0.1277158851735294
2021-01-21,-1.6546082254501147,-0.2899953629821539
2021-01-22,-1.0449321127364655,-1.5118914656341076
2021-01-25,-2.407704733523079,-1.3708439655601978
2021-01-27,-2.242883356826693,-2.2105909883975983
2021-01-28,1.295893054012901,-2.4068372324109077
2021-01-29,0.6970525746690683,-0.12367510935291648
2021-02-01,2.6617985078561257,0.11375759495422244
2021-02-02,3.0364371531733725,1.6020331531763077
2021-02-03,2.9945954521916365,2.5534234941005707
2021-02-04,1.6891892140685154,2.9608743265271187
2021-02-05,-1.1718720023055076,2.2950787097215652
2021-02-08,1.6330422412684291,0.20772109273821115
2021-02-09,-6.55066706836172,1.7660126090049744
2021-02-10,-0.9819089904312015,-3.581089526414871
2021-02-11,-0.2590673575129534,-1.5124795958399773
2021-02-12,-1.4721362232827784,-0.5693317856639624
2021-02-15,-1.0090248888430053,-1.56137989833951
2021-02-16,1.5167332336670503,-1.5372268855571747
2021-02-17,-0.6315773411800987,0.3059737617149949
2021-02-18,4.040404040404041,-0.640234025195241
2021-02-19,-1.4864140470327327,2.489894814789295
2021-02-22,-1.9864103456023938,-0.42907134629786015
2021-02-23,2.048131048385049,-1.4401554130017757
2021-02-24,0.3062740497294778,1.3046861626207829
2021-02-25,2.9236913112237164,0.6756982300430536
2021-02-26,-2.9066786184765956,2.25957278162241
2021-03-01,2.631572966031389,-1.3199557550251484
2021-03-02,1.467710415646739,1.6896586865186691
2021-03-03,0.3898650407678116,1.7258122563362122
2021-03-04,-1.1335648698595966,0.7298889569938183
2021-03-05,0.0,-0.46519916504621506
2021-03-08,2.0752910787117136,0.06755286012776196
2021-03-09,-3.033312113171499,1.5938913449645042
2021-03-10,-1.7197820980055751,-1.7706423997879028
2021-03-12,2.4185631824560985,-1.7016243189573288
2021-03-15,-0.24740226862927456,1.2691429816186428
2021-03-16,-0.6474118685260808,-0.058472115779295564
2021-03-17,-2.2403305967476403,-0.7162887137383223
2021-03-18,-0.9768606151590618,-1.7539804801344872
2021-03-19,1.5189873417721518,-1.1782360263168812
2021-03-22,0.4034306805073551,0.6409016437828541
2021-03-23,-2.4806217321745803,0.2528541721403599
2021-03-24,-2.3268079082323063,-1.7988823354244232
2021-03-25,-4.015403151384727,-2.055558003485203
2021-03-26,0.0,-3.2028742134571075
2021-03-30,0.7099961815527497,-1.1100079864263535
2021-03-31,0.3266145099042168,-0.10587573051452637
2021-04-01,1.3956017503624474,-0.16858662711456418
2021-04-05,-2.6446297805828167,0.7204962894320488
2021-04-06,0.4388387484177272,-1.586812548339367
2021-04-07,1.6720555268504491,-0.0843027897644788
2021-04-08,0.268961816253968,1.2862961739301682
2021-04-09,-1.3631407214828282,0.5596596281975508
2021-04-12,-5.402295342807112,-0.7009368855506182
2021-04-13,2.027030394029002,-3.496825322508812
2021-04-15,1.4428362312754883,0.3917943686246872
2021-04-16,0.05546650128836479,1.0694566182792187
2021-04-19,-2.3269047528530775,0.048767426051199436
2021-04-20,-0.3416804236173374,-1.6118593513965607
2021-04-22,0.056909986604050916,-0.6421343423426151
2021-04-23,0.2271488594033909,-0.10962265077978373
2021-04-26,0.17006111300932913,0.015989411622285843
2021-04-27,0.7315717918309577,0.025133765302598476
2021-04-28,0.6152159310630452,0.46677757054567337
2021-04-29,-0.5624296866344253,0.5682322662323713
2021-04-30,2.1463918337848407,-0.1651726197451353
2021-05-03,0.65609458080209,1.500470470637083
2021-05-04,-0.05469958591754027,0.98642623052001
2021-05-05,0.8676740226058471,0.31283849384635687
2021-05-06,0.43196709770000113,0.8497456088662148
2021-05-07,2.2175274992551874,0.6986092310398817
2021-05-10,4.488153816593975,1.833111234009266
2021-05-11,4.387652416840701,3.828970342874527
2021-05-12,-0.8754804180611215,4.3241046369075775
2021-05-14,-1.731815880404922,0.6555380299687386
2021-05-17,0.9313695571001838,-0.5693475250154734
2021-05-18,3.3633377064110763,1.0104675777256489
2021-05-19,1.5391734547166243,2.857242338359356
2021-05-20,-2.387774663676313,1.7195692285895348
2021-05-21,-0.3835032452356517,-1.2947932817041874
2021-05-24,4.705339461014106,-0.4343902226537466
2021-05-25,0.7706310788738266,3.4424055367708206
2021-05-26,1.5178544180733817,1.1525388807058334
2021-05-27,-1.5873015873015872,1.2601899914443493
2021-05-28,-0.36413430262644947,-0.6812563631683588
2021-05-31,-0.5491976879826945,-0.27447924949228764
2021-06-01,0.5914481500037522,-0.40288977324962616
2021-06-02,0.8570112416049989,0.20671337842941284
2021-06-03,1.422853283719991,0.5092844367027283
2021-06-04,1.8760921068986038,1.0209684260189533
2021-06-07,0.08718263014969178,1.5741409733891487
2021-06-08,1.7137961030856095,0.4261977504938841
2021-06-09,-1.522401084349712,1.5232536010444164
2021-06-10,0.8624407299004764,-0.6389757618308067
2021-06-11,-0.7384869551603044,0.6332577671855688
2021-06-14,-0.3050095635042211,-0.30827384907752275
2021-06-15,0.8639308855291578,-0.33875429071485996
2021-06-16,0.1294232302882351,0.5393654573708773
2021-06-17,-1.1343831318212265,0.11159584391862154
2021-06-18,-2.048081353393409,-0.9073751047253609
2021-06-21,0.31069548990701895,-1.7076099291443825
2021-06-22,1.0540157789417586,-0.20744767971336842
2021-06-23,-0.8414498984966174,0.5733538419008255
2021-06-24,-1.3010359958198172,-0.7267572917044163
2021-06-25,-0.044879193607252336,-1.1933800764381886
2021-06-28,-0.4961687499582741,-0.2793423365801573
2021-06-29,-2.496529736614116,-0.4843504633754492
2021-06-30,-0.23169601155199207,-2.019696868956089
2021-07-01,-0.3254286045465373,-0.7049176376312971
2021-07-02,0.8298699140709958,-0.48451563343405724
2021-07-05,0.3216967772961567,0.317147234454751
2021-07-06,-0.3690050924800142,0.21793744526803493
2021-07-07,-0.4168639095492317,-0.22443688940256834
2021-07-08,-0.3719143515894465,-0.26050698943436146
2021-07-09,-0.23299160567535923,-0.22323678713291883
2021-07-12,-0.09328927832330955,-0.16105750110000372
2021-07-13,0.5565919170035136,-0.07900904165580869
2021-07-14,-0.6535990547244154,0.4002927802503109
2021-07-15,-0.7525826899306494,-0.3705130657181144
2021-07-16,-0.18850573092656733,-0.6085688713937998
2021-07-19,-0.14157765946155124,-0.23983356077224016
2021-07-20,-0.33143795376745794,-0.1806487562134862
2021-07-22,1.0309264344727944,-0.34465156495571136
2021-07-23,-0.6603744794737618,0.624265568330884
2021-07-26,-1.2900128566049305,-0.355470203794539
2021-07-27,-0.6734050968613866,-1.0193745605647564
2021-07-28,0.04807985745943509,-0.6849918514490128
2021-07-29,-0.09624492074351569,-0.1601116848178208
2021-07-30,-0.7270964507080839,-0.21225970704108477
2021-08-02,2.227486705328051,-0.665575684979558
2021-08-03,0.6123424555207743,1.421377807855606
2021-08-04,-0.8072160014119814,0.7751412224024534
2021-08-05,-1.2987072084165692,-0.39389124140143394
2021-08-06,1.8413640694426185,-0.8587314747273922
2021-08-09,-1.436781588195836,1.2672976590692997
2021-08-10,-2.102690978854676,-0.7091742940247059
2021-08-11,2.293360239737225,-1.7017599195241928
2021-08-12,-0.5283410757153291,1.2724731117486954
2021-08-13,0.5255643036200073,-0.1385884010232985
2021-08-16,2.378727140817418,0.19431014079600573
2021-08-17,-1.4191107316062654,1.8424298614263535
2021-08-18,0.47080980637285785,-0.5593837704509497
2021-08-20,-2.60869270361564,0.2883210079744458
2021-08-23,-0.48543689320388345,-1.5999620780348778
2021-08-24,2.738433884885478,-0.730883190408349
2021-08-25,0.18849854016818754,1.7790602520108223
2021-08-26,-0.4734848553265204,0.387033075094223
2021-08-27,0.3303430714510281,-0.35127506125718355
2021-08-30,1.304146758992647,0.27398865204304457
2021-08-31,3.1574199803143035,1.1075176298618317
2021-09-01,-0.09029207595584085,2.642563544213772
2021-09-02,-0.5447103638760538,0.5698153749108315
2021-09-03,2.608308565907885,-0.08885864517651498
2021-09-06,-1.3440860398827288,2.228298783302307
2021-09-07,0.22351363738090965,-0.37417442072182894
2021-09-08,0.6660746093814316,0.13275373494252563
2021-09-09,0.17730901793056467,0.6520439404994249
2021-09-13,1.0526289019668311,0.2351983217522502
2021-09-14,1.0845986984815619,0.7796681951731443
2021-09-15,0.9879738065323216,0.9618706069886684
2021-09-16,1.6476527024785574,0.9339718148112297
2021-09-17,-0.08456530581065011,1.4938519336283207
2021-09-20,-3.184992647886595,0.32285740599036217
2021-09-21,0.34782741380774457,-2.144627831876278
2021-09-22,1.2451670126592265,-0.08365896064788103
2021-09-23,1.3135619082693326,0.8582728914916515
2021-09-24,-0.6396588486140725,0.8984878659248352
2021-09-27,1.1799422738090317,-0.4324939101934433
2021-09-28,3.497353012683225,0.8467613719403744
2021-09-29,3.53079647528549,2.9655994847416878
2021-09-30,-1.7158769705666124,3.335818648338318
2021-10-01,1.6483504309020895,-0.611685449257493
2021-10-04,-0.9108922977258663,1.6164250671863556
2021-10-05,2.8098491670392285,-0.04374954150989652
2021-10-06,0.15373727720820235,2.257421985268593
2021-10-07,1.6257042695534025,0.5244079511612654
2021-10-08,-0.3414240802904032,1.3675560243427753
2021-10-11,-0.19004180478934576,0.06852457881905138
2021-10-12,-0.2285737537202381,-0.07485499954782426
2021-10-13,0.0,-0.14218371361494064
2021-10-14,2.343745565130396,-0.103745236992836
2021-10-18,1.4301519030008838,1.6968980431556702
2021-10-19,-1.9058318337791036,1.2282186187803745
2021-10-20,-2.4894675787265252,-1.3462978415191174
2021-10-21,0.8355418881306436,-1.9208481535315514
2021-10-22,-0.7268530760703772,0.41017201729118824
2021-10-25,-0.19164431264739,-0.7474265992641449
2021-10-26,0.7984814081808461,-0.5632373038679361
2021-10-27,-0.5351658500842675,0.42289234697818756
2021-10-28,-1.671208128469403,-0.47327401116490364
2021-10-29,-0.5470863344571609,-1.415715552866459
2021-11-01,2.810480151751069,-0.6294496823102236
2021-11-02,-0.6498400801949672,2.05989982932806
2021-11-03,1.3202564765816445,-0.35462616942822933
2021-11-04,1.5595922316498463,1.0119820944964886
2021-11-08,4.129585744238354,1.6207525506615639
2021-11-09,-0.5368647218209099,3.719814121723175
2021-11-10,-0.17927572999000438,0.21399313118308783
2021-11-11,-4.613648728947479,0.3003026358783245
2021-11-12,-0.2632614603608328,-2.9782017692923546
2021-11-15,-0.075265969238007,-0.5303541664034128
2021-11-16,-1.4122183996302482,-0.3362641902640462
2021-11-17,-1.9852106752367724,-1.619991846382618
2021-11-18,0.6957936705106781,-2.077820710837841
2021-11-22,-3.8955872317394578,-0.04972890019416809
2021-11-23,1.307967900056203,-3.2756179571151733
2021-11-24,1.136361258292856,0.12140172766521573
2021-11-25,-1.5519275165631938,0.7206533569842577
2021-11-26,-3.885907148594621,-1.361547876149416
2021-11-29,-1.8097591256354457,-3.1222283840179443
2021-11-30,0.12609827686640523,-1.8474502488970757
2021-12-01,-1.0620221175958733,-0.39037452079355717
2021-12-02,2.445092863926699,-1.1914395727217197
2021-12-03,1.2684087242815414,1.455427147448063
2021-12-06,-1.0334849371967403,1.2356670573353767
2021-12-07,-0.2902143271554004,-0.5021230317652225
2021-12-08,-0.1661104200228768,-0.003322429984109476
2021-12-09,-0.5847991608048227,0.17194728134199977
2021-12-10,0.29155026623758185,-0.2899593207985163
2021-12-13,-1.479289902667502,0.23774199653416872
2021-12-14,-0.3392718581018054,-1.020817644894123
2021-12-15,-1.901473323824615,-0.4606894217431545
2021-12-16,0.04319918078428726,-1.523852813988924
2021-12-17,-2.5697842845287573,-0.41183908469974995
2021-12-20,-3.7701135394216956,-2.111702784895897
2021-12-21,0.684931506849315,-3.3675849437713623
2021-12-22,-0.41265193548743684,-0.4805500153452158
2021-12-23,2.764153751175617,-0.7206523325294256
2021-12-24,-1.723357393087443,1.5547240152955055
2021-12-27,0.4514672686230248,-1.0550392791628838
2021-12-28,1.3802342027038357,0.1486428896896541
2021-12-29,-0.7174915262401906,1.3057907111942768
2021-12-30,-0.8593368810649544,-0.1417959458194673
2021-12-31,0.8520152002172086,-0.5062581039965153
2022-01-03,1.2837512062144003,0.7351644802838564
2022-01-04,0.9644945849027498,1.2183441780507565
2022-01-05,2.7292084846415245,1.014341227710247
2022-01-06,0.0,2.4163655936717987
2022-01-07,1.0548523206751055,0.6612162571400404
2022-01-10,1.0025037417177725,1.154845580458641
2022-01-11,-0.9274860778021992,1.2677623890340328
2022-01-12,0.46160557676397007,-0.30265054665505886
2022-01-13,1.6508460378127021,0.40736300870776176
2022-01-14,1.743715711812592,1.396248396486044
2022-01-17,0.3636338975694444,1.5259438194334507
2022-01-18,0.16135292712084554,0.5250561516731977
2022-01-19,0.9192658192692162,0.31826854683458805
2022-01-20,0.31872631544135954,0.8881906047463417
2022-01-21,-3.1224347962588004,0.42983703315258026
2022-01-24,-1.1217270388344744,-2.259286306798458
2022-01-25,0.9057212859296121,-1.2575769796967506
2022-01-27,1.0187449316133887,0.3177954815328121
2022-01-28,1.1281237252963,0.48364955000579357
2022-01-31,0.8785930518639185,0.6886295042932034
2022-02-01,-2.8336730581044662,0.7539789192378521
2022-02-02,2.1695436034161544,-1.9324617460370064
2022-02-03,0.1604529283501014,1.449927594512701
2022-02-04,-0.4027386176840083,0.43202205561101437
2022-02-07,-1.0170870500248033,-0.3300815587863326
2022-02-08,-1.2772996054782513,-0.7252574898302555
2022-02-09,-0.24782768674116518,-1.0302839800715446
2022-02-10,-0.9170538820357553,-0.43102954514324665
2022-02-11,1.7206112666994973,-0.9111487306654453
2022-02-14,-4.719004595441792,0.9820149280130863
2022-02-15,1.8526290090460524,-3.416646644473076
2022-02-16,2.263374485596708,0.614752946421504
2022-02-17,-0.08237106496228258,1.8468085676431656
2022-02-18,-0.20635575472658776,0.03020742442458868
2022-02-21,-1.635909922450275,-0.07826860528439283
2022-02-22,-1.793337746785018,-0.9967556223273277
2022-02-23,0.04268292881478676,-1.403676625341177
2022-02-24,-6.500001387162642,-0.2472001826390624
2022-02-25,2.091676462872758,-4.803178831934929
2022-02-28,2.3043491529381797,0.2063588472083211
2022-03-02,-2.4498886414253898,1.5665441751480103
2022-03-03,2.0933288215763133,-1.9465124234557152
2022-03-04,-1.2362044378621688,1.1027742177248
2022-03-07,-0.8908685968819599,-0.5368559155613184
2022-03-08,4.100814119274581,-0.762960547581315
2022-03-09,-0.08551184790529244,3.1382132321596146
2022-03-10,3.307151799029569,0.616404926404357
2022-03-11,2.223120507553964,2.8034621849656105
2022-03-14,-2.400657138428918,2.6213759556412697
2022-03-15,-1.51260760651917,-1.0426695458590984
2022-03-16,2.4190217483106786,-0.8977215737104416
2022-03-17,-0.49443632605322896,1.951870135962963
2022-03-21,-2.8389817577297407,-0.12069648364558816
2022-03-22,2.196437208755851,-2.272314392030239
2022-03-23,0.8627735815061967,1.2187540531158447
2022-03-24,-0.9121048822874874,0.7396130356937647
2022-03-25,-1.5151476230005432,-0.8298428729176521
2022-03-28,0.9587277413442465,-1.3048348017036915
2022-03-29,-1.3947538917327675,0.47793122939765453
2022-03-30,-0.9385717851182276,-1.0861050337553024
2022-03-31,1.471206426984159,-1.0849930346012115
2022-04-01,2.5798538617889863,0.8391951210796833
2022-04-04,0.16353603650531068,2.03942209482193
2022-04-05,0.28536361171364905,0.41064764373004436
2022-04-06,2.697343469704495,0.45227655209600925
2022-04-07,-2.023472228448829,2.490507625043392
2022-04-08,2.6782150281347077,-0.9449133649468422
2022-04-11,1.474589883796363,2.1106716245412827
2022-04-12,-2.2213431050914725,1.7263714224100113
2022-04-13,1.446441322947733,-1.3790539465844631
2022-04-18,0.15613159102826127,1.0926224291324615
2022-04-19,1.6884089767582766,0.40886756032705307
2022-04-20,2.3238313242593485,1.2654433958232403
2022-04-21,1.2217764664848416,2.026843838393688
2022-04-22,-0.5210248726768537,1.2838480062782764
2022-04-25,-5.166345286509295,-0.0685520120896399
2022-04-26,1.0073638287605642,-3.6186333745718002
2022-04-27,-1.3349074189287709,0.26708722580224276
2022-04-28,2.000768399522662,-1.2013119645416737
2022-04-29,-3.134918212890625,0.8596178144216537
2022-05-02,0.5132266230143621,-2.5047525763511658
2022-05-04,-0.6356798263468548,-0.21028073970228434
2022-05-05,-0.11933295904587043,-0.6008712574839592
2022-05-06,0.43564598159034656,-0.43169520795345306
2022-05-09,-1.8145161290322582,0.17166953766718507
2022-05-10,-1.639344262295082,-1.4033623039722443
2022-05-11,-1.2868435791026667,-1.4875100925564766
2022-05-12,1.3513526179352258,-1.2382853776216507
2022-05-13,-0.6595180562542353,0.6745130755007267
2022-05-16,0.6551969143004036,-0.5529909394681454
2022-05-17,1.848877028574106,0.3170627634972334
2022-05-18,-5.379075230804528,1.5895375981926918
2022-05-19,-0.6823053746335288,-3.635067120194435
2022-05-20,-0.2565224964397245,-1.0947021655738354
2022-05-23,0.6372132705575241,-0.3183699678629637
2022-05-24,0.8424600048103109,0.12376582017168403
2022-05-25,-3.3972071365939382,0.4691275767982006
2022-05-26,-0.5253994041589688,-2.4672945961356163
2022-05-27,-0.04379800411298883,-0.8604484610259533
2022-05-30,1.6795839568222264,-0.18690800061449409
2022-05-31,-0.08620558113887392,1.0538697242736816
2022-06-01,1.8612495812546674,0.04547529679257423
2022-06-02,-0.467484415835134,1.4785422943532467
2022-06-03,0.5494518251149343,0.11037187650799751
2022-06-06,-0.6380263551926677,0.6117274053394794
2022-06-07,0.5499102481102403,-0.13546569971367717
2022-06-08,-0.1694889391882945,0.5116740241646767
2022-06-09,0.2535951344198674,0.0549315067473799
2022-06-10,-0.8955249908382196,0.21558953449130058
2022-06-13,-3.213029555374865,-0.6053024902939796
2022-06-14,-3.0385473688173184,-2.477710135281086
2022-06-15,-0.9615412830601865,-2.780083194375038
2022-06-16,0.22841480764793673,-1.5444036573171616
