Date, CL=F(percentage_actual%), CL=F(percentage_predict%)
2018-01-02,60.369998931884766,60.606346
2018-01-03,2.0444622982204375,-0.9790414944291115
2018-01-04,0.6127999737197434,1.238260418176651
2018-01-05,-0.9277338990310955,0.7903730496764183
2018-01-08,0.4697892721170717,-0.6196942646056414
2018-01-09,1.9536206482246812,0.1492427079938352
2018-01-10,0.9595730899480057,1.5821486711502075
2018-01-11,0.3605008542111777,1.1184287257492542
2018-01-12,0.77761087242063,0.4626524168998003
2018-01-16,-0.8944037558696686,0.7094074971973896
2018-01-17,0.37517848036107776,-0.3818156663328409
2018-01-18,-0.03127514859274656,0.1775410957634449
2018-01-19,-0.9152624914482335,0.0807065749540925
2018-01-22,0.18901046371011715,-0.6879620254039764
2018-01-23,1.520086123283061,-0.10357871651649475
2018-01-24,1.7375390627089478,1.0837314650416374
2018-01-25,-0.15264611641004566,1.502632349729538
2018-01-26,0.9525208031927643,0.16114974860101938
2018-01-29,-0.884688609904714,0.6985565181821585
2018-01-30,-1.6434070675872092,-0.34800381399691105
2018-01-31,0.3553272748424117,-1.2446637265384197
2018-02-01,1.6261392784170003,-0.021513050887733698
2018-02-02,-0.5347687086867393,1.2298968620598316
2018-02-05,-2.0264932056764597,-0.18690418219193816
2018-02-06,-1.198930657119673,-1.641034334897995
2018-02-07,-2.5894132552424463,-1.2546897865831852
2018-02-08,-1.0466056805862667,-2.072041667997837
2018-02-09,-3.2939201652176293,-1.3791033066809177
2018-02-12,0.15179651070695238,-2.72010937333107
2018-02-13,-0.1689513281610961,-0.8067882619798183
2018-02-14,2.3267324800581344,-0.325635215267539
2018-02-15,1.20639334304856,1.5131019987165928
2018-02-16,0.5512324106771447,1.2869050726294518
2018-02-20,0.3554139180612908,0.7118255831301212
2018-02-21,-0.35668161416118527,0.5656492430716753
2018-02-22,1.7364985576530683,0.07596556097269058
2018-02-23,1.2273781096160925,1.4186370186507702
2018-02-26,0.5632930859193859,1.3745580799877644
2018-02-27,-1.428347166883414,0.7112899329513311
2018-02-28,-2.222581027661135,-0.8501628413796425
2018-03-01,-1.0657447012517949,-1.7567340284585953
2018-03-02,0.42448705556441324,-1.1712098494172096
2018-03-05,2.1096367288833613,-0.022437822190113366
2018-03-06,0.047921373846800536,1.4108060859143734
2018-03-07,-2.371213265838666,0.23095922078937292
2018-03-08,-1.7132445314264246,-1.786758378148079
2018-03-09,3.0947807145535373,-1.6564344987273216
2018-03-12,-1.1082143064077215,1.9606424495577812
2018-03-13,-1.0706663410989117,-0.2214103238657117
2018-03-14,0.41010499303579945,-1.0685205459594727
2018-03-15,0.3758776718388992,0.07654375513084233
2018-03-16,1.8447249327303166,0.4114864859730005
2018-03-19,-0.4511743040620993,1.4385400339961052
2018-03-20,2.11356485857642,0.03599501505959779
2018-03-21,2.7159685327562917,1.509533915668726
2018-03-22,-1.3530250013941738,2.5267343968153
2018-03-23,2.3982912379040564,-0.375243928283453
2018-03-26,-0.5034236251668749,1.6100749373435974
2018-03-27,-0.4597747919659962,0.24596457369625568
2018-03-28,-1.3513556752067775,-0.33533049281686544
2018-03-29,0.8623424190560509,-1.0103384032845497
2018-04-02,-3.063012492119814,0.35355600994080305
2018-04-03,0.7872776148861492,-2.0852455869317055
2018-04-04,-0.22092376835751606,-0.19134251633659005
2018-04-05,0.26755111928403286,-0.16800106968730688
2018-04-06,-2.3847881235679136,-0.012584474461618811
2018-04-09,2.14442894184794,-1.7812300473451614
2018-04-10,3.1903585698851233,1.04224793612957
2018-04-11,1.9604872262446604,2.806646376848221
2018-04-12,0.37274489509099024,2.0491862669587135
2018-04-13,0.47484745173238996,0.6669641938060522
2018-04-16,-1.7668350156712507,0.6202021148055792
2018-04-17,0.45098532396656504,-0.9024831466376781
2018-04-18,2.8479692461975596,0.18044478492811322
2018-04-19,-0.26358222691845645,2.2501472383737564
2018-04-20,0.13161208175703243,0.26215799152851105
2018-04-23,0.37879099437999053,-0.04436502931639552
2018-04-24,-1.3884822507819286,0.33029636833816767
2018-04-25,0.5143366463178783,-0.8717687800526619
2018-04-26,0.2053077938642619,0.10799100855365396
2018-04-27,-0.13216441894541153,0.20371114369481802
2018-04-30,0.6854327297577653,-0.14407209819182754
2018-05-01,-1.9628248250174258,0.39790011942386627
2018-05-02,1.0010309172985092,-1.3182470574975014
2018-05-03,0.7306736778754361,0.34498940221965313
2018-05-04,1.8502594563126344,0.7193805649876595
2018-05-07,1.427968455103232,1.4614105224609375
2018-05-08,-2.4181955652734164,1.365351863205433
2018-05-09,2.9238148002533553,-1.4414018020033836
2018-05-10,0.30829767211522613,1.8564168363809586
2018-05-11,-0.9335271437034831,0.907038152217865
2018-05-14,0.3664066228650248,-0.6056043319404125
2018-05-15,0.49081262951034077,0.14037220971658826
2018-05-16,0.25178390062171724,0.5048887338489294
2018-05-17,0.0,0.2688622334972024
2018-05-18,-0.2946115152483,0.000769720645621419
2018-05-21,1.3289024264411335,-0.22984964307397604
2018-05-22,-0.15250327816468895,0.9226931259036064
2018-05-23,-0.4036761279376463,0.11107636382803321
2018-05-24,-1.5980727875106238,-0.3467945149168372
2018-05-25,-4.169124846144846,-1.1949623934924603
2018-05-29,-1.7233535720553572,-3.1767133623361588
2018-05-30,2.1697635939068194,-2.065049111843109
2018-05-31,-1.7452239751899012,1.0562818497419357
2018-06-01,-1.8690220370217514,-1.1784646660089493
2018-06-04,-1.637061866554054,-1.9898643717169762
2018-06-05,1.1752086119007614,-1.6642151400446892
2018-06-06,-1.2204437589422616,0.5056786350905895
2018-06-07,1.8498766455835463,-0.7338494993746281
2018-06-08,-0.3194388367760968,1.058181282132864
2018-06-11,0.5446302854190033,0.13943389058113098
2018-06-12,0.391805506086615,0.42532659135758877
2018-06-13,0.4201662392877645,0.529650179669261
2018-06-14,0.3737479477966459,0.5315976217389107
2018-06-15,-2.8127911154724035,0.47217770479619503
2018-06-18,1.199697697544841,-1.8338555470108986
2018-06-19,-1.1987072121638835,0.39902394637465477
2018-06-20,1.7366377298092952,-0.6135990843176842
2018-06-21,-1.0375347813196012,0.9602928534150124
2018-06-22,4.432780452552799,-0.5207526963204145
2018-06-25,-0.7344300625032079,3.0783450230956078
2018-06-26,3.47369486834778,0.28007866349071264
2018-06-27,3.0648753318592536,2.4947648867964745
2018-06-28,0.9394075434719698,3.072064183652401
2018-06-29,0.9440385208790749,1.3454738073050976
2018-07-02,-0.28401281787767046,1.016371976584196
2018-07-03,0.26975579968795016,0.21927705965936184
2018-07-05,-1.64518358661444,0.36647196393460035
2018-07-06,1.1653124319634813,-1.0078052058815956
2018-07-09,0.06769860987986466,0.5516864359378815
2018-07-10,0.3508327271476936,0.1723359222523868
2018-07-11,-5.299806056403971,0.11032894253730774
2018-07-12,-0.07108690610214861,-3.731108084321022
2018-07-13,0.9576120049556145,-1.0857433080673218
2018-07-16,-4.33441769535331,0.5658860318362713
2018-07-17,0.029383478147635058,-3.1864121556282043
2018-07-18,0.988947475348435,-1.1114184744656086
2018-07-19,1.007769878302039,0.5593387875705957
2018-07-20,1.419244980121453,0.7686791475862265
2018-07-23,-3.785535009470159,1.1052158661186695
2018-07-24,0.9194356162913191,-2.444346249103546
2018-07-25,1.125550323726315,0.1167868496850133
2018-07-26,0.4453348022922598,1.1856812983751297
2018-07-27,-1.3393479927884508,0.5603802856057882
2018-07-30,2.0533222136145697,-0.9187490679323673
2018-07-31,-1.992430300501159,1.3361328281462193
2018-08-01,-1.6257735953051824,-0.9651097469031811
2018-08-02,1.8851441989882423,-1.5017986297607422
2018-08-03,-0.6862333703645077,1.0973978787660599
2018-08-06,0.7535201512302716,-0.17763375071808696
2018-08-07,0.23130842410037225,0.30969942454248667
2018-08-08,-3.331334995828565,0.26334356516599655
2018-08-09,-0.19458896506991044,-2.3132329806685448
2018-08-10,1.212479266783907,-0.7482670247554779
2018-08-13,-0.639881435570555,0.8455035276710987
2018-08-14,-0.2386575634395413,-0.35064895637333393
2018-08-15,-3.1225945432872773,-0.4336921963840723
2018-08-16,0.687438060702522,-2.296268381178379
2018-08-17,0.6827561108078337,-0.09887728374451399
2018-08-20,0.7827738080348791,0.6025726441293955
2018-08-21,1.3659958274517516,0.6053338292986155
2018-08-22,0.7515504445083537,1.084896456450224
2018-08-23,-0.04422641675816766,0.848918966948986
2018-08-24,1.2951096825363695,0.21888944320380688
2018-08-27,0.21780386219942574,1.097422931343317
2018-08-28,-0.49613887836208825,0.5417311564087868
2018-08-29,1.4098738696812525,-0.22894141729921103
2018-08-30,1.0533777420206851,1.017298735678196
2018-08-31,-0.6446947400682885,1.0836306028068066
2018-09-04,0.10018561911054606,-0.2857551444321871
2018-09-05,-1.6734596994338349,-0.03062124887946993
2018-09-06,-1.401807030683857,-1.1272542178630829
2018-09-07,-0.02951534031941882,-1.3084907084703445
2018-09-10,-0.31092549840990275,-0.35808300599455833
2018-09-11,2.4693127573612363,-0.3767488757148385
2018-09-12,1.5915911650812482,1.5911845490336418
2018-09-13,-2.5951399675291884,1.5091256238520145
2018-09-14,0.5797964027608257,-1.6468780115246773
2018-09-17,-0.11608503469597345,0.0362038059392944
2018-09-18,1.345733475370053,0.19510113634169102
2018-09-19,1.7857202241488563,1.0152562521398067
2018-09-20,-0.4519769506087244,1.536703947931528
2018-09-21,-0.02826260639437697,-0.02559180138632655
2018-09-24,1.8035557973553267,-0.03873698296956718
2018-09-25,0.2766974980905403,1.4566038735210896
2018-09-26,-0.9920344942016281,0.6020712200552225
2018-09-27,0.7626220615803827,-0.6552556063979864
2018-09-28,1.5426583664409128,0.43632304295897484
2018-10-01,2.722447501560834,1.3315956108272076
2018-10-02,-0.09304757636670664,2.263553813099861
2018-10-03,1.5443008096084236,0.3380109556019306
2018-10-04,-2.7983341582344394,1.1692920699715614
2018-10-05,0.013444319785153612,-1.544698141515255
2018-10-08,-0.06729764671847206,-0.3078163368627429
2018-10-09,0.8938076002246071,0.0402089353883639
2018-10-10,-2.4463591093638333,0.551724573597312
2018-10-11,-3.0998970133882597,-1.7410403117537498
2018-10-12,0.5186362996643238,-2.7003221213817596
2018-10-15,0.612987529798005,-0.2603661734610796
2018-10-16,0.1946598904515664,0.3790652845054865
2018-10-17,-3.1111084859431,-0.033900392008945346
2018-10-18,-1.602328404474148,-2.3935439065098763
2018-10-19,0.6799785908954792,-1.7576973885297775
2018-10-22,0.07227905694195505,0.20009055733680725
2018-10-23,-4.124639246096841,0.08521807612851262
2018-10-24,0.5836566767878125,-3.0826913192868233
2018-10-25,0.7574663929315979,-0.44458433985710144
2018-10-26,0.38466418245710987,0.6642196327447891
2018-10-29,-0.8203988885028417,0.34589855931699276
2018-10-30,-1.2994871658897587,-0.6056920625269413
2018-10-31,-1.3321126613142138,-1.0449341498315334
2018-11-01,-2.5435687970095264,-1.0963059961795807
2018-11-02,-0.8710789394634001,-2.0065100863575935
2018-11-05,-0.06339289460323701,-1.1672399938106537
2018-11-06,-1.430637201006771,-0.3401635680347681
2018-11-07,-0.8756298549709831,-1.1998317204415798
2018-11-08,-1.6482611343012408,-1.0548758320510387
2018-11-09,-0.7974739212293833,-1.4250089414417744
2018-11-12,-0.43383667647128094,-0.9413177147507668
2018-11-13,-7.61357834983549,-0.5157473031431437
2018-11-14,0.9955579969618055,-5.271114036440849
2018-11-15,0.37194312411954883,-0.9639281779527664
2018-11-16,0.0,0.3066469682380557
2018-11-19,0.528539897695408,-0.07784897461533546
2018-11-20,-6.2324499295105635,0.24678818881511688
2018-11-21,2.196596630930386,-4.070232063531876
2018-11-23,-8.349867219477503,0.37958568427711725
2018-11-26,2.343604249733736,-4.967228323221207
2018-11-27,-0.13576356276142348,-0.13447531964629889
2018-11-28,-2.52535381714728,0.17697853036224842
2018-11-29,2.2546158021589036,-1.8433243036270142
2018-11-30,-1.021010121044171,0.9538603015244007
2018-12-03,3.8149205451522907,-0.21190342959016562
2018-12-04,0.5633788489399941,2.6305334642529488
2018-12-06,-3.4181360733364223,1.30491079762578
2018-12-07,2.128870782914217,-1.9905803725123405
2018-12-10,-3.156863941865809,0.975224282592535
2018-12-11,1.2584733914349007,-1.5345271676778793
2018-12-12,-0.9775170773886082,0.27477277908474207
2018-12-13,2.7196657576592123,-0.5048780702054501
2018-12-14,-2.695314545999251,1.6148410737514496
2018-12-17,-2.646350574495078,-1.3746367767453194
2018-12-18,-7.871970712629807,-2.3352280259132385
2018-12-19,2.033896332532328,-5.5496253073215485
2018-12-20,-2.877069886865294,-0.4754777532070875
2018-12-21,-0.6361064149083624,-1.8507134169340134
2018-12-24,-7.194924667575091,-1.3273664750158787
2018-12-26,7.983561973065036,-4.950761795043945
2018-12-27,-3.609057584226907,3.8293886929750443
2018-12-28,1.5883547134777884,-0.8709593676030636
2018-12-31,0.17616828149357705,0.45842714607715607
2019-01-02,2.428021155749972,0.536964600905776
2019-01-03,1.167974591799446,1.9730659201741219
2019-01-04,1.8140094839293548,1.5369521453976631
2019-01-07,1.154166051128736,1.7124954611063004
2019-01-08,2.5311336931113524,1.3585321605205536
2019-01-09,4.927428955271291,2.1624699234962463
2019-01-10,0.43734463123976647,4.131896048784256
2019-01-11,-1.938360141582278,1.3874206691980362
2019-01-14,-2.1381941535212166,-1.107184961438179
2019-01-15,3.0704322972134483,-1.6944758594036102
2019-01-16,0.3823375218674179,1.6780057922005653
2019-01-17,-0.4609212211895848,0.7390011101961136
2019-01-18,3.215612577638485,-0.45455931685864925
2019-01-22,-2.339736635679356,1.9710827618837357
2019-01-23,0.09501945662383916,-1.0327992029488087
2019-01-24,0.9599136570251925,-0.42775324545800686
2019-01-25,1.043020251289725,0.6500734481960535
2019-01-28,-3.2698536129232165,0.9146171621978283
2019-01-29,2.476082650197708,-2.0398229360580444
2019-01-30,1.6964746020858508,1.0283933021128178
2019-01-31,-0.8179933430377981,1.6750499606132507
2019-02-01,2.660147395323109,-0.23303832858800888
2019-02-04,-1.282985576655172,1.7161384224891663
2019-02-05,-1.6772298330938424,-0.2918245503678918
2019-02-06,0.648025337896656,-1.3090264983475208
2019-02-07,-2.6025815877083263,0.14700772007927299
2019-02-08,0.15174853794060764,-1.6400132328271866
2019-02-11,-0.5914927956374012,-0.5144120659679174
2019-02-12,1.299432479353579,-0.5318925250321627
2019-02-13,1.4842356755290786,0.654809083789587
2019-02-14,0.9373246148933044,1.2017409317195415
2019-02-15,2.1226844791092314,0.936388224363327
2019-02-19,0.891424493920118,1.760333590209484
2019-02-20,1.4581834909654938,1.1900647543370724
2019-02-21,0.07022632754614638,1.382277812808752
2019-02-22,0.5239246347440585,0.502142496407032
2019-02-25,-3.2083612004030044,0.5261118989437819
2019-02-26,0.03603686083544482,-1.9967924803495407
2019-02-27,2.528975520616751,-0.6099416874349117
2019-02-28,0.489343914751318,1.7021002247929573
2019-03-01,-2.54480645709303,0.6982788909226656
2019-03-04,1.3960079756091264,-1.8282011151313782
2019-03-05,-0.053038858855192925,0.3993125632405281
2019-03-06,-0.6047672451182461,0.23993721697479486
2019-03-07,0.7765595268159551,-0.4567570984363556
2019-03-08,-1.0522563863012704,0.3774655284360051
2019-03-11,1.2678309721707797,-0.5907228216528893
2019-03-12,0.14066822201498258,0.6910491734743118
2019-03-13,2.385855526423327,0.35734493285417557
2019-03-14,0.5971716177674682,1.7681265249848366
2019-03-15,-0.1537938343880354,0.9352819062769413
2019-03-18,0.9646297061301585,0.08078617393039167
2019-03-19,-0.10164556078571263,0.7633206434547901
2019-03-20,1.3371269050213732,0.22752610966563225
2019-03-21,0.2500795470597098,0.9939777664840221
2019-03-22,-1.5921385706851632,0.4541527945548296
2019-03-25,-0.3740245186068637,-1.0709239169955254
2019-03-26,1.868533462704651,-0.5883998703211546
2019-03-27,-0.892103653691495,1.2373589910566807
2019-03-28,-0.18549850213626268,-0.34349579364061356
2019-03-29,1.396741205708218,-0.4079775419086218
2019-04-01,2.3542795248369988,0.9226102381944656
2019-04-02,1.5819777077339725,2.0009957253932953
2019-04-03,-0.192127358855283,1.6140222549438477
2019-04-04,-0.5797111420245612,0.2018714789301157
2019-04-05,1.553588028672396,-0.32512806355953217
2019-04-08,2.0496889185534903,1.1676683090627193
2019-04-09,-0.6564582473391771,1.8883252516388893
2019-04-10,0.975082900733324,-0.09585506631992757
2019-04-11,-1.6200043246834064,0.5772063042968512
2019-04-12,0.4852051362579545,-0.9115371853113174
2019-04-15,-0.7728672744109031,0.06497485446743667
2019-04-16,1.0148344963444422,-0.4931305069476366
2019-04-17,-0.4548380455754626,0.4962509498000145
2019-04-18,0.3750026226043701,-0.24011400528252125
2019-04-22,2.5875145010758955,0.09966237703338265
2019-04-23,0.9049865398154262,1.9503971561789513
2019-04-24,-0.6222547668953053,1.153129432350397
2019-04-25,-1.0427853315791535,-0.2694174414500594
2019-04-26,-3.017377362453194,-0.7597166579216719
2019-04-29,0.31496183140071354,-2.181769162416458
2019-04-30,0.6415269103285899,-0.3350091865286231
2019-05-01,-0.48742355460457365,0.41924468241631985
2019-05-02,-2.8959667708461847,-0.42535788379609585
2019-05-03,0.20987609993570935,-2.316584810614586
2019-05-06,0.4979941739614709,-0.5045956932008266
2019-05-07,-1.3843623012986992,0.3519520629197359
2019-05-08,1.1590428499449013,-0.9861878119409084
2019-05-09,-0.6807101519479841,0.486106937751174
2019-05-10,-0.06487336300086384,-0.2620359882712364
2019-05-13,-1.0157256267783745,-0.1437783590517938
2019-05-14,1.1977952062011246,-0.687004579231143
2019-05-15,0.3869746480092994,0.7290389388799667
2019-05-16,1.3519937785302134,0.5560589022934437
2019-05-17,-0.17527185037196036,1.0843625292181969
2019-05-20,0.5388275131691695,0.17655965639278293
2019-05-21,-0.1746258020689963,0.43827593326568604
2019-05-22,-2.556176418636393,0.07639526156708598
2019-05-23,-6.0611264561936595,-1.7628708854317665
2019-05-24,1.2280423121033908,-4.575910046696663
2019-05-28,0.8623576712827472,-0.4915627185255289
2019-05-29,-0.5611256736125377,0.5998970475047827
2019-05-30,-3.922956732138484,-0.5642153322696686
2019-05-31,-5.77570121979045,-3.10280192643404
2019-06-03,-0.4694835680751174,-4.758233204483986
2019-06-04,0.43006646261222164,-1.63992028683424
2019-06-05,-3.482970639379574,-0.01463075022911653
2019-06-06,1.7303666947552372,-2.528568170964718
2019-06-07,2.593075536867928,0.31624382827430964
2019-06-10,-1.370640968718264,2.1942252293229103
2019-06-11,0.018776302129749692,-0.3077202243730426
2019-06-12,-4.165039291233119,-0.07309434004127979
2019-06-13,2.1805650655444975,-2.5311216711997986
2019-06-14,0.4380109495109436,0.8809898979961872
2019-06-17,-1.1168842922182967,0.8221888914704323
2019-06-18,3.654918673345996,-0.6623977329581976
2019-06-19,-0.26042263526192444,2.32858769595623
2019-06-20,5.101505960287555,0.5863574799150229
2019-06-21,1.358173037005154,3.725419193506241
2019-06-24,0.8117464737769546,2.0769860595464706
2019-06-25,-0.12104390905730343,0.9819566272199154
2019-06-26,2.610305168709127,0.2508974401280284
2019-06-27,0.08413130877300773,2.0352618768811226
2019-06-28,-1.6418660243378593,0.6628116127103567
2019-07-01,1.0492451011740476,-1.1318759061396122
2019-07-02,-5.04888916015625,0.3753763157874346
2019-07-03,1.9009420120113067,-3.2774627208709717
2019-07-05,0.29559758982232637,0.15168647514656186
2019-07-08,0.26014832860884685,0.3429749049246311
2019-07-09,0.29396849085224674,0.0065311593061778694
2019-07-10,4.302496212131255,0.06552188424393535
2019-07-11,-0.3820590354176894,3.192560374736786
2019-07-12,0.016605749352654544,0.6129892077296972
2019-07-15,-1.057397170286083,0.03027471830137074
2019-07-16,-3.4016017624140025,-0.5653359461575747
2019-07-17,-1.479394453411245,-2.3686209693551064
2019-07-18,-2.6763102398823775,-1.6688795760273933
2019-07-19,0.5932083852571245,-2.265450917184353
2019-07-22,1.0494488434315827,-0.3976208623498678
2019-07-23,0.968820208958323,0.555024016648531
2019-07-24,-1.5926975172451552,0.6786837242543697
2019-07-25,0.24990965459557637,-1.0274341329932213
2019-07-26,0.3202852361782897,-0.0965023587923497
2019-07-29,1.1781223519061312,0.40020206943154335
2019-07-30,2.0327309572511414,1.023351028561592
2019-07-31,0.9047500468208817,1.7837842926383018
2019-08-01,-8.582022247710103,1.144882570952177
2019-08-02,3.0722225820346676,-5.371583253145218
2019-08-05,-1.773635481916807,0.4845617339015007
2019-08-06,-1.9765010954362123,-0.654937606304884
2019-08-07,-4.971620489217563,-1.8723530694842339
2019-08-08,2.7598034595978262,-3.982618823647499
2019-08-09,3.596328595362672,0.6381089333444834
2019-08-12,0.7828150423936271,2.9333893209695816
2019-08-13,3.800347157502641,1.1447230353951454
2019-08-14,-3.385839122549171,2.909749187529087
2019-08-15,-1.3952603350490482,-1.4041057787835598
2019-08-16,0.7289916511173893,-1.3213103637099266
2019-08-19,2.383917762699359,0.45176250860095024
2019-08-20,0.23074381924591275,1.9432611763477325
2019-08-21,-1.1853445470451238,0.5831347778439522
2019-08-22,-0.5962092866343618,-0.8496833965182304
2019-08-23,-2.178328124537863,-0.6548130884766579
2019-08-26,-0.98806634102825,-1.5959205105900764
2019-08-27,2.3484451271808813,-1.1830799281597137
2019-08-28,1.5238409693844892,1.2991965748369694
2019-08-29,1.6399229768818981,1.40481973066926
2019-08-30,-2.9219612612289527,1.3747937977313995
2019-09-03,-2.150537406275948,-1.6894292086362839
2019-09-04,4.123710920795125,-1.9312914460897446
2019-09-05,0.07104958449273367,2.5973474606871605
2019-09-06,0.38924490255007654,0.8982659317553043
2019-09-09,2.2990458970407577,0.23106466978788376
2019-09-10,-0.7839667879439087,1.723456010222435
2019-09-11,-2.9596439926079037,0.003556376395863481
2019-09-12,-1.1980392913124824,-2.089942805469036
2019-09-13,-0.43756004584035246,-1.3687839731574059
2019-09-16,12.798096751151597,-0.588921457529068
2019-09-17,-5.999328217284744,9.712505340576172
2019-09-18,-2.1166744610517507,-2.060513384640217
2019-09-19,0.03440642937583272,-2.739568054676056
2019-09-20,-0.06886024345372932,-0.23013816680759192
2019-09-23,0.9379250388560488,0.1678232685662806
2019-09-24,-2.3564294860313098,0.5609965417534113
2019-09-25,-1.4161784621888152,-1.6573531553149223
2019-09-26,-0.14182207280817374,-1.603626273572445
2019-09-27,-0.8942944041577268,-0.505502475425601
2019-09-30,-3.4029964175568925,-0.777658773586154
2019-10-01,-0.8392405294731613,-2.659784071147442
2019-10-02,-1.8617012796338355,-1.4251697808504105
2019-10-03,-0.36224713812251297,-1.5906214714050293
2019-10-04,0.6816902120620565,-0.7648191880434752
2019-10-07,-0.11374667922467417,0.2728270133957267
2019-10-08,-0.22800480609806492,0.012978643644601107
2019-10-09,-0.07606182812565623,-0.14444297412410378
2019-10-10,1.7927154027077299,0.012216345930937678
2019-10-11,2.1023793598519647,1.3988816179335117
2019-10-14,-2.0712830886192113,2.0065538585186005
2019-10-15,-1.476990643843013,-0.869972724467516
2019-10-16,1.0307331910971715,-1.2749673798680305
2019-10-17,1.056925072499053,0.520491087809205
2019-10-18,-0.27891693805067685,0.9817148558795452
2019-10-21,-0.881630827046525,-0.03769428294617683
2019-10-22,1.569421116166618,-0.7324571721255779
2019-10-23,3.2338776734232084,0.8897197432816029
2019-10-24,0.4623836451179575,2.6298489421606064
2019-10-25,0.7589133539247991,0.9666562080383301
2019-10-28,-1.5230217760357867,0.6575002335011959
2019-10-29,-0.48613693430492494,-0.7952694781124592
2019-10-30,-0.8717753909631584,-0.513068400323391
2019-10-31,-1.6242175399751122,-0.6642723456025124
2019-11-01,3.5943068155538915,-1.3537300750613213
2019-11-04,0.6013444412494126,2.0823825150728226
2019-11-05,1.2056589764599916,1.0022454895079136
2019-11-06,-1.5616700833086579,0.8838193491101265
2019-11-07,1.3998303244061188,-0.8502590470016003
2019-11-08,0.15723296636755327,0.7875260896980762
2019-11-11,-0.6683099965462432,0.48777349293231964
2019-11-12,-0.10563622200168317,-0.3937249071896076
2019-11-13,0.5602235658404272,-0.2109558554366231
2019-11-14,-0.6165201185465714,0.36934895906597376
2019-11-15,1.6458779328623871,-0.3471905132755637
2019-11-18,-1.1744119064025065,1.004890538752079
2019-11-19,-3.3327299096177216,-0.5304207094013691
2019-11-20,3.3269156112292504,-2.525712363421917
2019-11-21,2.5093908753069405,1.6651075333356857
2019-11-22,-1.4021141888049962,2.4564649909734726
2019-11-25,0.41371810155775246,-0.5757723469287157
2019-11-26,0.6848168582842901,-0.00217605283978628
2019-11-27,-0.5162609428833939,0.681765191257
2019-11-29,-5.3289877451204095,-0.11868476867675781
2019-12-02,1.411724318177387,-3.670794516801834
2019-12-03,0.24955328601839297,-0.14451947063207626
2019-12-04,3.987680675826205,0.3313051303848624
2019-12-05,0.0,2.79062632471323
2019-12-06,1.300676432162666,0.6258118432015181
2019-12-09,-0.30498187695643003,0.9301074780523777
2019-12-10,0.37137274556002153,0.18391483463346958
2019-12-11,-0.8168879691027691,0.40338444523513317
2019-12-12,0.7097025709306146,-0.36688167601823807
2019-12-13,1.4816037858663784,0.404486246407032
2019-12-16,0.23251850486166414,1.2024971656501293
2019-12-17,1.197898849174541,0.4190569743514061
2019-12-18,-0.01640952155444812,0.8739118464291096
2019-12-19,0.47370289079522665,0.23529131431132555
2019-12-20,-1.2905403900016807,0.3748748451471329
2019-12-23,0.13219073107991797,-0.7885402999818325
2019-12-24,0.9654723395436345,-0.1488280133344233
2019-12-26,0.9241240142736966,0.6939456332474947
2019-12-27,0.06481029607291387,0.7970989681780338
2019-12-30,-0.0648523270580904,0.15833645593374968
2019-12-31,-1.0153929216188435,-0.048247663653455675
2020-01-02,0.19614078340338587,-0.699363462626934
2020-01-03,2.965898421114631,-0.02898069506045431
2020-01-06,0.3477180640293947,2.213144302368164
2020-01-07,-0.9090904113052781,0.7884476333856583
2020-01-08,-5.18369421397271,-0.6149905733764172
2020-01-09,-0.08394767613784583,-3.665073588490486
2020-01-10,-0.8807595692751986,-1.0328968055546284
2020-01-13,-1.652890933552547,-0.7341416087001562
2020-01-14,0.25759524705618764,-1.582011766731739
2020-01-15,-0.7265147188516712,-0.44395015574991703
2020-01-16,1.2132588498270642,-0.6568542215973139
2020-01-17,0.034165455160365205,0.6295383907854557
2020-01-21,-0.3428192705114029,0.2455227542668581
2020-01-22,-2.819877382429306,-0.1823848346248269
2020-01-23,-2.0687201344167834,-1.923413760960102
2020-01-24,-2.5835053725003756,-1.880977302789688
2020-01-27,-1.9759112704564399,-2.159455232322216
2020-01-28,0.6357519736315111,-1.9728338345885277
2020-01-29,-0.2812632777640281,-0.17011433374136686
2020-01-30,-2.2823215484012946,-0.27213036082684994
2020-01-31,-1.1248991483888342,-1.757638342678547
2020-02-03,-2.893635492472767,-1.2876997701823711
2020-02-04,-1.007861305882892,-2.1639524027705193
2020-02-05,2.2463042160560347,-1.267277356237173
2020-02-06,0.3925431991061554,1.3003253377974033
2020-02-07,-1.2519894116375254,0.707966648042202
2020-02-10,-1.5130119116750975,-0.7401134353131056
2020-02-11,0.7408869484567472,-1.1665735393762589
2020-02-12,2.4037513899752407,0.33956747502088547
2020-02-13,0.4861921604481609,1.9267980009317398
2020-02-14,1.2103767096055251,0.8828353136777878
2020-02-18,0.0,0.9985681623220444
2020-02-19,2.326893708319476,0.34954873844981194
2020-02-20,0.9111154237477607,1.765705645084381
2020-02-21,-0.7493400209401005,1.207707915455103
2020-02-24,-3.791562806471946,-0.2552478574216366
2020-02-25,-3.0661297244718404,-2.616751194000244
2020-02-26,-2.400989112730216,-2.7856919914484024
2020-02-27,-3.4826914086520966,-2.3813018575310707
2020-02-28,-5.2055449473369775,-3.093155473470688
2020-03-02,4.256688082281919,-4.473693296313286
2020-03-03,0.9114037778601052,1.2756923213601112
2020-03-04,-0.8550695517673514,1.0870829224586487
2020-03-05,-1.9172052814024787,-0.5417485255748034
2020-03-06,-11.191867449616053,-1.4194393530488014
2020-03-09,-32.605203636890565,-6.902842968702316
2020-03-10,9.400469709572313,-17.473486065864563
2020-03-11,-4.184357450787455,-1.837884820997715
2020-03-12,-4.698411245194692,-2.6804275810718536
2020-03-13,0.7248646251323513,-4.62341271340847
2020-03-16,-10.557486755225238,-1.6052888706326485
2020-03-17,-6.493506309678955,-6.18288628757
2020-03-18,-32.302403792898836,-5.442438647150993
2020-03-19,19.230763704077198,-15.09491503238678
2020-03-20,-12.438693581002367,4.846441745758057
2020-03-23,3.9811655859446695,-4.2981985956430435
2020-03-24,2.707203716509687,-0.21014802623540163
2020-03-25,1.9599818159345466,1.539148949086666
2020-03-26,-8.362829016578658,1.7024729400873184
2020-03-27,-5.067411162201334,-3.409881517291069
2020-03-30,-7.068193456987247,-3.278505802154541
2020-03-31,1.9042939373320478,-3.965013101696968
2020-04-01,-0.8370264931765095,-0.37331939674913883
2020-04-02,19.78673100026124,-0.6777090020477772
2020-04-03,10.656317718784127,11.084140837192535
2020-04-06,-8.665645074743859,9.647352248430252
2020-04-07,-10.368179644319422,-2.4756597355008125
2020-04-08,5.819055332571205,-5.700811371207237
2020-04-09,-10.237257909819116,1.899360679090023
2020-04-13,-1.5618044794861718,-3.7903103977441788
2020-04-14,-11.437091831198797,-2.4842875078320503
2020-04-15,-1.2078498287945894,-6.305224448442459
2020-04-16,0.0,-3.3451728522777557
2020-04-17,-8.757527867438125,-1.579291746020317
2020-04-20,148.55168732175312,-5.120903253555298
2020-04-21,475.9240779989341,-64.97845649719238
2020-04-22,27.358487497419436,29.237550497055054
2020-04-23,16.484850103204902,17.63283461332321
2020-04-24,2.597405668158054,-9.907927364110947
2020-04-27,-32.55086766828341,-12.165280431509018
2020-04-28,-3.565636749939796,-15.802371501922607
2020-04-29,18.061090247287236,-3.253760188817978
2020-04-30,20.063692687666805,9.88725870847702
2020-05-01,4.752277560294827,14.63066041469574
2020-05-04,2.9916563083008865,6.381425261497498
2020-05-05,16.97882804141152,3.5485509783029556
2020-05-06,-2.375988746404441,12.027693539857864
2020-05-07,-1.8683675087563907,3.227197751402855
2020-05-08,4.810026455403776,0.3761393018066883
2020-05-11,-2.4855028858327763,3.2712552696466446
2020-05-12,6.3615254201549325,0.14945570146664977
2020-05-13,-1.9375237381558104,3.2887883484363556
2020-05-14,8.236569645874697,-0.11288464302197099
2020-05-15,6.354063268237637,4.197464138269424
2020-05-18,7.510997525361983,4.934607446193695
2020-05-19,2.0923086313100963,5.79044409096241
2020-05-20,2.956111164077195,2.846761606633663
2020-05-21,1.2676784012099067,2.606535144150257
2020-05-22,-2.0150320870535716,1.7791543155908585
2020-05-26,3.202324666622097,-0.4757785703986883
2020-05-27,-4.693681915184901,1.7537422478199005
2020-05-28,2.6698241934874254,-2.0595453679561615
2020-05-29,5.015504395070625,0.5928423255681992
2020-06-01,-0.14109213796675552,3.235648199915886
2020-06-02,3.7218220469181835,0.6800794042646885
2020-06-03,1.287207107673894,2.2016065195202827
2020-06-04,0.3207669937829918,1.5083222649991512
2020-06-05,5.41087087466525,0.6262458860874176
2020-06-08,-3.561143386374508,3.697308525443077
2020-06-09,1.926040129558644,-0.9537576697766781
2020-06-10,1.6666663455641908,0.7007881999015808
2020-06-11,-8.970826383722642,1.4348724856972694
2020-06-12,-0.2206338520627508,-4.782434552907944
2020-06-15,2.316812055759119,-1.9645050168037415
2020-06-16,3.282965349569087,0.9256265126168728
2020-06-17,-1.1064330710544663,2.2050177678465843
2020-06-18,2.265708199428522,-0.3110501216724515
2020-06-19,2.2893077922317215,1.1211528442800045
2020-06-22,1.7548173518005163,1.9545163959264755
2020-06-23,-0.2229382089896646,1.7869828268885612
2020-06-24,-6.208894276679272,0.43342788703739643
2020-06-25,1.833685115666504,-3.5013437271118164
2020-06-26,-0.5975565918590261,0.018381705740466714
2020-06-29,3.0478565773787305,-0.13522841036319733
2020-06-30,-1.094984212282509,1.6917582601308823
2020-07-01,1.3812135642282173,-0.2902412787079811
2020-07-02,2.0418248459997854,0.5862213205546141
2020-07-06,-0.04922583617495255,1.5525562688708305
2020-07-07,-0.024623674282318972,0.46265595592558384
2020-07-08,0.6846028937602188,0.09068463114090264
2020-07-09,-3.2306982041941454,0.5229843780398369
2020-07-10,2.2934656539421345,-1.7634028568863869
2020-07-13,-1.1221964590095068,0.8317086845636368
2020-07-14,0.4715870863458458,-0.33959886059165
2020-07-15,2.2087374528174273,0.028910470427945256
2020-07-16,-1.104296350771664,1.4021344482898712
2020-07-17,-0.3941853826327426,-0.2870490774512291
2020-07-20,0.539086530997055,-0.4349071532487869
2020-07-21,2.740700038783362,0.2726948820054531
2020-07-22,-0.1431922587322423,1.9132839515805244
2020-07-23,-2.0209443321697593,0.4838590044528246
2020-07-24,0.5328196072293916,-1.2285823002457619
2020-07-27,0.7451864662605603,-0.023636658443138003
2020-07-28,-1.3645164378684915,0.5894960835576057
2020-07-29,0.5573044334509109,-0.7143537048250437
2020-07-30,-3.381769415682382,0.029943534173071384
2020-07-31,0.8691390236894876,-2.0491907373070717
2020-08-03,1.8044328067699018,-0.18908616621047258
2020-08-04,1.6546820834101381,1.182273030281067
2020-08-05,1.1614076314743729,1.36493481695652
2020-08-06,-0.5721045516203097,1.0673233307898045
2020-08-07,-1.7709837957735892,-0.055066257482394576
2020-08-10,1.716732068625624,-1.0745720006525517
2020-08-11,-0.7930738080194267,0.8620347827672958
2020-08-12,2.484175308367374,-0.11806839611381292
2020-08-13,-1.01798407526513,1.4693468809127808
2020-08-14,-0.5474967058394291,-0.19594421610236168
2020-08-17,2.051762836647706,-0.524078868329525
2020-08-18,0.0,1.2067905627191067
2020-08-19,0.09317706788490544,0.41887848637998104
2020-08-20,-0.8219785323396367,0.08368302369490266
2020-08-21,-0.566843829952437,-0.506359338760376
2020-08-24,0.6569657116706379,-0.5120742134749889
2020-08-25,1.683966708031421,0.2824530238285661
2020-08-26,0.0921892511869608,1.1794572696089745
2020-08-27,-0.8131934634667407,0.36039657425135374
2020-08-28,-0.16290363703897826,-0.4981522914022207
2020-08-31,-0.8448735160639845,-0.24190659169107676
2020-09-01,0.3507897967014287,-0.5459443666040897
2020-09-02,-3.011322694637561,0.052319501992315054
2020-09-03,-0.33840800885430267,-1.8664076924324036
2020-09-04,-4.023129131769349,-0.8869868703186512
2020-09-08,-8.188254280923825,-2.6801973581314087
2020-09-09,3.39027842678874,-5.693675950169563
2020-09-10,-2.010723901717442,0.09845801396295428
2020-09-11,0.08037126311947186,-1.040765829384327
2020-09-14,-0.18787845591777208,-0.5926250014454126
2020-09-15,2.6645780833078887,-0.33448205795139074
2020-09-16,4.681277577834405,1.6523739323019981
2020-09-17,1.9770596757553975,3.727046772837639
2020-09-18,0.34054825485258067,2.4806512519717216
2020-09-21,-4.5789854341840535,0.970865786075592
2020-09-22,0.7323159394048803,-2.3166919127106667
2020-09-23,0.8264508603369888,-0.13126747217029333
2020-09-24,0.9426967382020957,0.7156573235988617
2020-09-25,-0.14907173488451086,0.70753856562078
2020-09-28,0.8620652395940034,-0.06867883494123816
2020-09-29,-3.3341754341269083,0.3780154976993799
2020-09-30,2.3122831351309516,-1.9573356956243515
2020-10-01,-3.873966820016441,0.7456012535840273
2020-10-02,-4.5074278489379855,-2.022421360015869
2020-10-05,5.532896267471546,-3.488372638821602
2020-10-06,3.565274191109682,2.374762110412121
2020-10-07,-1.8022462885001538,3.2021451741456985
2020-10-08,3.0104343411302636,-0.4675432574003935
2020-10-09,-1.4532024008916244,1.6441244632005692
2020-10-12,-2.9672791272886005,-0.14985220041126013
2020-10-13,1.9154239879356878,-1.8235869705677032
2020-10-14,2.0467839518738398,0.7203905843198299
2020-10-15,-0.19531697471403273,1.6763115301728249
2020-10-16,-0.19568985877502126,0.2630640985444188
2020-10-19,-0.12245710217558257,-0.19803950563073158
2020-10-20,1.5195303119384571,-0.12847736943513155
2020-10-21,-3.5723216307350065,0.9628867730498314
2020-10-22,1.5009857763603658,-1.8993373960256577
2020-10-23,-1.9824365013222691,0.22274653892964125
2020-10-26,-3.345428046907716,-1.0441103018820286
2020-10-27,2.5524344941183092,-2.475457452237606
2020-10-28,-5.830436856811831,0.7677514106035233
2020-10-29,-3.372964563074235,-3.167586028575897
2020-10-30,-1.0617413906047388,-3.246770426630974
2020-11-02,2.770987285275611,-1.6233138740062714
2020-11-03,2.2570326010755504,1.2256359681487083
2020-11-04,3.805878979294233,1.7602767795324326
2020-11-05,-0.9280757975116649,2.864686958491802
2020-11-06,-4.44265361603315,0.3045724704861641
2020-11-09,7.818320809878484,-2.5021111592650414
2020-11-10,2.5870398429259684,4.482841491699219
2020-11-11,0.2171294352987322,3.4092292189598083
2020-11-12,-0.8025336566796493,0.8663552813231945
2020-11-13,-2.466976918563107,-0.3264225088059902
2020-11-16,2.926945041138105,-1.4993333257734776
2020-11-17,0.21723425518934175,1.4404593035578728
2020-11-18,0.9325666965432932,0.6273752544075251
2020-11-19,-0.1916579136092655,0.5283941980451345
2020-11-20,0.9727160915056696,-0.08461425313726068
2020-11-23,2.1133298151183024,0.5188114009797573
2020-11-24,4.119346427091332,1.5330687165260315
2020-11-25,1.7501624438498415,3.1905196607112885
2020-11-27,-0.39534441028280876,2.043492905795574
2020-11-30,-0.4190529908900755,0.21746531128883362
2020-12-01,-1.773290525379297,-0.17947305459529161
2020-12-02,1.6121898452216872,-1.0698875412344933
2020-12-03,0.7887831182425779,0.7314725778996944
2020-12-04,1.3402484962827315,0.7407576311379671
2020-12-07,-1.0926573827357766,0.9251201525330544
2020-12-08,-0.35087687010102087,-0.5624029785394669
2020-12-09,-0.1757425649229707,-0.4936668090522289
2020-12-10,2.6934552253362445,-0.22278421092778444
2020-12-11,-0.45093211477086503,1.7408771440386772
2020-12-14,0.8938113825074501,0.20119366236031055
2020-12-15,1.3229678024964078,0.5088598933070898
2020-12-16,0.418236646206211,1.0933686047792435
2020-12-17,1.116627189230753,0.6295830477029085
2020-12-18,1.5071240056342536,0.9142006747424603
2020-12-21,-2.8487573268513846,1.3146364130079746
2020-12-22,-1.5312658734443771,-1.4984909445047379
2020-12-23,2.2859486669527427,-1.5275903977453709
2020-12-24,0.2280750806460862,1.1645682156085968
2020-12-28,-1.2809756909572847,0.5208916030824184
2020-12-29,0.7916688919067383,-0.9165865369141102
2020-12-30,0.8264494075791097,0.16895737498998642
2020-12-31,0.24731848877294194,0.6805177312344313
2021-01-04,-1.8899654474294731,0.33947837073355913
2021-01-05,4.62647979005031,-1.1912445537745953
2021-01-06,1.3825809760456154,2.8397342190146446
2021-01-07,0.39346991094787304,1.923484355211258
2021-01-08,2.6990807850477307,0.6167544983327389
2021-01-11,0.019135543604216505,2.046627178788185
2021-01-12,1.804170458542248,0.7104390766471624
2021-01-13,-0.5669991266787353,1.4027823694050312
2021-01-14,1.2320325763897226,0.05969855701550841
2021-01-15,-2.310922594285531,0.7986584678292274
2021-01-19,1.1702509196711008,-1.3160050846636295
2021-01-20,0.48835861764374816,0.29274190310388803
2021-01-21,-0.2070404821007558,0.4591253586113453
2021-01-22,-1.6453043864931256,-0.16198363155126572
2021-01-25,0.947508045599114,-1.285596564412117
2021-01-26,-0.30412439755917386,0.23386196698993444
2021-01-27,0.45411139205056045,-0.08652202668599784
2021-01-28,-0.9743949561451937,0.1958510372787714
2021-01-29,-0.26819806054070633,-0.6268711294978857
2021-02-01,2.521005589831634,-0.38565206341445446
2021-02-02,2.209640470344664,1.7239268869161606
2021-02-03,1.669959289116865,2.103852294385433
2021-02-04,0.960343090740611,1.6708165407180786
2021-02-05,1.090587420449972,1.1092660017311573
2021-02-08,1.9320385078447073,1.1357367038726807
2021-02-09,0.6682648827444694,1.7760880291461945
2021-02-10,0.5453300837764203,0.9847487322986126
2021-02-11,-0.755492125735405,0.5933789070695639
2021-02-12,2.068268903630242,-0.3729790449142456
2021-02-16,0.965858490801561,1.3452718034386635
2021-02-17,1.7827938558541065,1.06479125097394
2021-02-18,-1.02445295306542,1.4053178951144218
2021-02-19,-2.160700106398111,-0.4349845927208662
2021-02-22,3.6591314662265297,-1.700226403772831
2021-02-23,0.2918704326622716,2.235817164182663
2021-02-24,2.4517605533519373,0.8917445316910744
2021-02-25,0.48795461128636425,1.7471227794885635
2021-02-26,-3.300811023246951,0.7889104075729847
2021-03-01,-1.418206825540254,-2.1539518609642982
2021-03-02,-1.4895387274450838,-1.5387317165732384
2021-03-03,2.496734350154356,-1.3027328066527843
2021-03-04,3.9949913498469938,1.373206451535225
2021-03-05,3.4195712393166535,3.2519105821847916
2021-03-08,-1.598759780695674,3.1531881541013718
2021-03-09,-1.6247475094813193,-0.580866914242506
2021-03-10,0.6672878474310584,-1.260089036077261
2021-03-11,2.39320551650784,0.46959943138062954
2021-03-12,-0.6248986875487957,2.0395612344145775
2021-03-15,-0.3364447511188573,-0.0646343978587538
2021-03-16,-0.9104881328776732,-0.4535255488008261
2021-03-17,-0.30960461665775585,-0.709398789331317
2021-03-18,-7.666664123535156,-0.386679545044899
2021-03-19,2.3119475924427504,-5.314570665359497
2021-03-22,0.21121213603030883,-0.08041431428864598
2021-03-23,-6.561636124761475,0.3406951203942299
2021-03-24,5.590065326222708,-4.800229892134666
2021-03-25,-4.474041786958934,2.470511756837368
2021-03-26,3.952763324849277,-2.1700114011764526
2021-03-29,0.9584147813938703,1.9507724791765213
2021-03-30,-1.6680464887806006,1.5045011416077614
2021-03-31,-2.3495594882244437,-0.8884420618414879
2021-04-01,3.7266084411644878,-1.8047424033284187
2021-04-05,-4.7740821214217135,2.4655520915985107
2021-04-06,1.146132284155524,-2.4766191840171814
2021-04-07,0.7361529585731028,-0.14624411705881357
2021-04-08,-0.2852382348908862,0.7163576316088438
2021-04-09,-0.47201412801306103,-0.09216146427206695
2021-04-12,0.6365176939011553,-0.46900399029254913
2021-04-13,0.7976064137624237,0.3459653351455927
2021-04-14,4.70308970536765,0.7202158682048321
2021-04-15,0.488492850718619,3.6855824291706085
2021-04-16,-0.5227277218027679,1.2820952571928501
2021-04-19,0.3944461908912278,-0.21730654407292604
2021-04-20,-1.5054491705324282,0.37888973020017147
2021-04-21,-1.7766914094507744,-0.7852988317608833
2021-04-22,0.1302325096162289,-1.4755968935787678
2021-04-23,1.1425798059967973,-0.3277544863522053
2021-04-26,-0.3715062878423546,0.696052797138691
2021-04-27,1.6364772827621075,-0.24522740859538317
2021-04-28,1.4406545174593186,0.9619031101465225
2021-04-29,1.7689609107673039,1.3286851346492767
2021-04-30,-2.249135363310605,1.6047142446041107
2021-05-03,1.4110653789090593,-1.206941343843937
2021-05-04,1.8267689648924754,0.7240439765155315
2021-05-05,-0.09142951470283082,1.7553197219967842
2021-05-06,-1.4217248987198157,0.3148982301354408
2021-05-07,0.2927618442820628,-1.0424739681184292
2021-05-10,0.030801977249549133,-0.009870184294413775
2021-05-11,0.5514715335223541,0.11314112925902009
2021-05-12,1.2106583377572584,0.3461793065071106
2021-05-13,-3.541213016354424,0.8995245210826397
2021-05-14,2.3711228187746354,-2.337561547756195
2021-05-17,1.3580714381679966,1.0272439569234848
2021-05-18,-1.1910197049012075,1.4661789871752262
2021-05-19,-3.361738056975297,-0.6771814078092575
2021-05-20,-2.1112028838005084,-2.6347514241933823
2021-05-21,2.406421122886527,-2.0960699766874313
2021-05-24,3.7395928941405097,1.2962877750396729
2021-05-25,0.030265844042334306,3.1208788976073265
2021-05-26,0.21144750277042318,0.5045854020863771
2021-05-27,0.9573663489254879,0.10712171206250787
2021-05-28,-0.7991537722190875,0.9417721070349216
2021-06-01,2.0673383057336725,-0.1686506439000368
2021-06-02,1.6126697382285307,1.4974215999245644
2021-06-03,-0.029071752900300958,1.6437847167253494
2021-06-04,1.163466182178581,0.2849792130291462
2021-06-07,-0.5633386837173653,0.8926372043788433
2021-06-08,1.1705919473241793,-0.09263246320188046
2021-06-09,-0.12865061243994824,0.8225834928452969
2021-06-10,0.46948616696032613,0.14899112284183502
2021-06-11,0.8743515929520795,0.3045022953301668
2021-06-14,-0.04233409968135867,0.7105483673512936
2021-06-15,1.7193641790631102,0.11133811203762889
2021-06-16,0.04157834880449029,1.2444916181266308
2021-06-17,-1.5625008390293356,0.3440182423219085
2021-06-18,0.8375188152329744,-1.099569909274578
2021-06-21,2.7423352864969046,0.3873030422255397
2021-06-22,-0.8212511956825939,2.228544093668461
2021-06-23,0.027373114340066784,-0.19322476582601666
2021-06-24,0.3001380785042807,-0.17003014218062162
2021-06-25,1.012829127739241,0.3248324850574136
2021-06-28,-1.5635706108747383,0.8776229806244373
2021-06-29,0.09591626692843706,-0.9491604752838612
2021-06-30,0.6669359679164598,-0.2088223583996296
2021-07-01,2.3394949590524745,0.5264304112643003
2021-07-02,-0.09313423551562158,1.8028853461146355
2021-07-06,-2.4396904027793997,0.2436059294268489
2021-07-07,-1.6205067143958227,-1.7578229308128357
2021-07-08,1.0145399895736493,-1.4447743073105812
2021-07-09,2.172740303423977,0.5358301103115082
2021-07-12,-0.620781503299636,1.685829646885395
2021-07-13,1.5282412304038622,-0.2944209612905979
2021-07-14,-2.898950945171745,0.9204698726534843
2021-07-15,-2.065590643434265,-1.7163511365652084
2021-07-16,0.2228046764439647,-1.8615838140249252
2021-07-19,-8.115024899486572,-0.15183500945568085
2021-07-20,1.4832394351215148,-5.571817606687546
2021-07-21,4.096735075092557,-0.7713061757385731
2021-07-22,2.2389104830485493,3.0469782650470734
2021-07-23,0.22200087885713427,2.042355388402939
2021-07-26,-0.22249481931141724,0.24192484561353922
2021-07-27,-0.3628780609817013,-0.019183893164154142
2021-07-28,1.0222376985892734,0.04156592476647347
2021-07-29,1.6707461437723177,0.9666578844189644
2021-07-30,0.44623964202611144,1.5438249334692955
2021-08-02,-3.774901391202814,0.6467047147452831
2021-08-03,-0.9920700139699236,-2.530382014811039
2021-08-04,-3.5363110473294492,-1.2539846822619438
2021-08-05,1.3605367807729971,-2.5965970009565353
2021-08-06,-1.1862881855225644,0.13488102704286575
2021-08-09,-2.7075742049816687,-0.9239489212632179
2021-08-10,2.6504576575312426,-2.4939818307757378
2021-08-11,1.3862802663865073,1.2142026796936989
2021-08-12,-0.2315873072663996,1.4333992265164852
2021-08-13,-0.9497280439767025,-0.03309789171908051
2021-08-16,-1.709022901222075,-0.7115019485354424
2021-08-17,-1.051215822395843,-1.2201248668134212
2021-08-18,-1.7262408634619246,-0.915062427520752
2021-08-19,-2.7790869774354277,-1.3980329036712646
2021-08-20,-2.1983294906828226,-2.3812061175704002
2021-08-23,5.057891111662303,-2.2590860724449158
2021-08-24,2.813149985377182,3.1483490020036697
2021-08-25,1.1995314328596547,2.9146183282136917
2021-08-26,-1.3942486902042508,1.228199154138565
2021-08-27,1.920278929074487,-0.7161854766309261
2021-08-30,0.6790943894241003,1.4938057400286198
2021-08-31,-1.0364950138286952,1.1698445305228233
2021-09-01,0.13120913062494077,-0.49715558998286724
2021-09-02,2.000287996298997,-0.02298940671607852
2021-09-03,-1.0102423711836375,1.5641966834664345
2021-09-07,-1.375277925956585,-0.3862036159262061
2021-09-08,1.3708579160194159,-1.2305403128266335
2021-09-09,-1.702382847813172,0.7393952459096909
2021-09-10,2.2662102745137522,-0.9967340156435966
2021-09-13,1.0361898639617708,1.244579255580902
2021-09-14,0.014195481635583687,1.1022199876606464
2021-09-15,2.9610267288338155,0.1302264048717916
2021-09-16,0.0,2.2337671369314194
2021-09-17,-0.8892585504977499,0.6187465973198414
2021-09-20,-2.390098567781726,-0.5532348062843084
2021-09-21,0.3826483169053375,-1.691468432545662
2021-09-22,2.3120666215219474,-0.028942397329956293
2021-09-23,1.4597539567204136,1.7527414485812187
2021-09-24,0.9191677133278339,1.3144226744771004
2021-09-27,1.948301724010661,0.7723143789917231
2021-09-28,-0.21250634980646832,1.6250120475888252
2021-09-29,-0.6147254753664261,0.3098270855844021
2021-09-30,0.2665559796028851,-0.3281092969700694
2021-10-01,1.1201878029625338,0.25447774678468704
2021-10-04,2.2416972836820506,0.9536201134324074
2021-10-05,1.6596953674506039,1.8058903515338898
2021-10-06,-1.9372336227405813,1.51059590280056
2021-10-07,1.1111145755728038,-1.1026213876903057
2021-10-08,1.3232456742966703,0.6360054016113281
2021-10-11,1.453052928121379,1.3105740770697594
2021-10-12,0.14881293091556708,1.2522398494184017
2021-10-13,-0.2486287197565271,0.28852110262960196
2021-10-14,1.0699731193086834,-0.08130964124575257
2021-10-15,1.1789028136777207,0.8587798103690147
2021-10-18,0.19408497982893275,1.0752326808869839
2021-10-19,0.6268040607581592,0.306482776068151
2021-10-20,1.0850168502545574,0.4988706670701504
2021-10-21,-1.6606093897964014,0.9390421211719513
2021-10-22,1.504300506321804,-0.9021248668432236
2021-10-25,0.0,0.8758243173360825
2021-10-26,1.0513873285357827,0.28668215963989496
2021-10-27,-2.4074495228721227,0.695754075422883
2021-10-28,0.18113017860946565,-1.4716193079948425
2021-10-29,0.9094198145336817,-0.16297532711178064
2021-11-01,0.5710926109520885,0.7076589856296778
2021-11-02,-0.16684469495698043,0.4244050942361355
2021-11-03,-3.7719552668014154,-0.15425188466906548
2021-11-04,-2.60119669491637,-2.5368666276335716
2021-11-05,3.026946211498992,-2.2389432415366173
2021-11-08,0.8055701936420967,1.7042823135852814
2021-11-09,2.6381475703484107,0.7633447647094727
2021-11-10,-3.4546413996816177,1.6218235716223717
2021-11-11,0.3064101130298731,-2.089393511414528
2021-11-12,-0.9902158847599754,-0.14039695961400867
2021-11-15,0.11127144033974577,-0.40327305905520916
2021-11-16,-0.14858236009588702,-0.06580559420399368
2021-11-17,-3.062789059705367,-0.18638758920133114
2021-11-18,0.8226825823370589,-2.2121403366327286
2021-11-19,-3.823920789037813,0.042122285231016576
2021-11-22,0.8469075255751222,-2.567337267100811
2021-11-23,2.229299363057325,-0.22380128502845764
2021-11-24,-0.14032480062257574,1.580142229795456
2021-11-25,-0.4613618044129443,0.01137164726969786
2021-11-26,-14.497427780197764,-0.5015622358769178
2021-11-29,2.573260187123588,-9.259900450706482
2021-11-30,-5.696579972320677,-0.8873548358678818
2021-12-01,-0.9303044276202934,-3.7580449134111404
2021-12-02,1.398496699512453,-2.5363409891724586
2021-12-03,-0.3622062421249187,0.042265813681297004
2021-12-06,4.648144807647356,-0.48827705904841423
2021-12-07,3.553095183284415,3.2697461545467377
2021-12-08,0.42841011052921807,3.649647533893585
2021-12-09,-2.001688920321334,1.0883858427405357
2021-12-10,1.0185513411319864,-1.0188459418714046
2021-12-13,-0.5330302265926936,0.9231766685843468
2021-12-14,-0.7917397596713871,0.20357230678200722
2021-12-15,0.19754393145580834,-0.5437065847218037
2021-12-16,2.0862041505046225,2.1808013173085783e-05
2021-12-17,-2.1450700394777558,1.528503093868494
2021-12-20,-3.854605194227513,-1.2728791683912277
2021-12-21,4.063553540550627,-3.1652145087718964
2021-12-22,2.2539848013992954,2.2478388622403145
2021-12-23,1.3958514250135161,2.3402392864227295
2021-12-27,2.3554304439394973,1.1610014364123344
2021-12-28,0.5396204843309735,1.91694013774395
2021-12-29,0.7575682081445583,0.9637714363634586
2021-12-30,0.5585145046200004,0.870063528418541
2021-12-31,-2.3667049607295656,0.7640885654836893
2022-01-03,1.1435367056299275,-1.3918503187596798
2022-01-04,1.1819665644426207,0.5447641480714083
2022-01-05,1.104689309194327,1.0884340852499008
2022-01-06,2.0261774841451943,0.8766878396272659
2022-01-07,-0.709756080815883,1.5410419553518295
2022-01-10,-0.8564465552792668,-0.18589460523799062
2022-01-11,3.6813565856083432,-0.6166943814605474
2022-01-12,1.718294021579074,2.684834785759449
2022-01-13,-0.6332155695014872,1.822950690984726
2022-01-14,2.0281519380000192,-0.2736298134550452
2022-01-18,1.8845845775491827,1.4667331241071224
2022-01-19,1.7594282375861563,1.8322335556149483
2022-01-20,-0.06904206851582467,1.551494561135769
2022-01-21,-2.067185986431255,0.27333057951182127
2022-01-24,-2.196617314467699,-1.1462338268756866
2022-01-25,2.675234762089003,-1.4394612982869148
2022-01-26,2.003434494069816,1.6389776021242142
2022-01-27,-0.8544023306254166,1.5819277614355087
2022-01-28,0.24187869754758287,-0.5831468850374222
2022-01-31,1.50879388319038,0.02476639929227531
2022-02-01,0.056684154300617184,1.2059401720762253
2022-02-02,0.06798684175835669,0.29380733612924814
2022-02-03,2.226647370757739,0.06025143666192889
2022-02-04,2.2099458016261493,1.5517561696469784
2022-02-07,-1.0840975329368532,1.7432177439332008
2022-02-08,-2.1933740723873805,-0.40350956842303276
2022-02-09,0.33460075786790855,-1.2856324203312397
2022-02-10,0.24476368272277377,0.2428992884233594
2022-02-11,3.4586479844016167,0.30770606826990843
2022-02-14,2.4722403446318864,2.0801007747650146
2022-02-15,-3.68198045061904,1.7146231606602669
2022-02-16,1.6976338939952447,-1.9171686843037605
2022-02-17,-2.0706206207995614,0.8819514885544777
2022-02-18,-0.7576616270104861,-0.7211504504084587
2022-02-22,1.386030103352481,-0.631336634978652
2022-02-23,-0.27144408701618683,0.7163998205214739
2022-02-24,0.7650028048157338,-0.10542696109041572
2022-02-25,-1.3320245326818652,0.3098647575825453
2022-02-28,4.314672827144958,-0.7341836113482714
2022-03-01,7.436420238928932,2.508704923093319
2022-03-02,6.500899558053865,4.547467082738876
2022-03-03,-2.7212783087246915,3.3071406185626984
2022-03-04,6.924275687326466,-0.27667745016515255
2022-03-07,3.11557887199595,2.8007470071315765
2022-03-08,3.476148365761447,1.3291721232235432
2022-03-09,-13.799448409499304,1.3887818902730942
2022-03-10,-2.527825306577248,-1.281966920942068
2022-03-11,3.027536021725456,-2.3429030552506447
2022-03-14,-6.135326243820513,1.4219610951840878
2022-03-15,-6.812525433951469,-1.7755238339304924
2022-03-16,-1.4730655643861408,-3.832756355404854
2022-03-17,7.710237116506807,-1.5931453555822372
2022-03-18,1.6427828476049167,3.0288364738225937
2022-03-21,6.6179143922345665,0.4460342228412628
2022-03-22,-0.32211936602572516,2.2208115085959435
2022-03-23,2.7581990433550483,0.3768101101741195
2022-03-24,-2.3055047638554944,1.1029163375496864
2022-03-25,1.3696270123700014,-0.0014429179827857297
2022-03-28,-7.493396102312515,0.4670247435569763
2022-03-29,-1.6500395778508952,-1.5709280967712402
2022-03-30,3.3203504370131633,-1.216556690633297
2022-03-31,-7.518947953042857,1.0242877528071404
2022-04-01,-1.0174294050417028,-2.474244497716427
2022-04-04,3.8826512234954627,-1.6079314053058624
2022-04-05,-1.294625055587353,1.4194273389875889
2022-04-06,-5.95447940107154,-0.5864796694368124
2022-04-07,-0.20827301903479536,-3.1178420409560204
2022-04-08,2.2694924775615752,-0.8411559276282787
2022-04-11,-4.210415931865113,1.045442372560501
2022-04-12,6.272363473461651,-2.35206987708807
2022-04-13,3.501200504440198,2.521289698779583
2022-04-14,2.524541398116014,1.9580930471420288
2022-04-18,1.1644045346002316,1.2635950930416584
2022-04-19,-5.50897197774502,0.7864157669246197
2022-04-20,0.1849172179136253,-1.6746914014220238
2022-04-21,1.0020241895688777,0.044593424536287785
2022-04-22,-1.6851192572212217,0.6932709831744432
2022-04-25,-3.5823003313374633,-0.673270970582962
2022-04-26,3.107174166704301,-1.8648233264684677
2022-04-27,0.31366369864114957,1.1265803128480911
2022-04-28,3.1700872702510243,0.2696648705750704
2022-04-29,-0.6399829528328672,1.1943932622671127
2022-05-02,0.4563998629799311,-0.10387999936938286
2022-05-03,-2.6950438513235855,0.2617763355374336
2022-05-04,5.008806250597981,-0.8781842887401581
2022-05-05,0.41567020945598104,1.976284570991993
2022-05-06,1.3755985724823432,0.4803602583706379
2022-05-09,-6.479775480136044,0.5930657964199781
2022-05-10,-3.3380053431762926,-2.0122354850172997
2022-05-11,5.628603726963952,-1.7112486064434052
2022-05-12,0.395739357217204,2.2392624989151955
2022-05-13,3.9460590955276307,0.2575308782979846
2022-05-16,3.248685800012854,1.2320620939135551
2022-05-17,-1.6014193931739862,1.1758089065551758
2022-05-18,-2.564107383783829,0.1726445509120822
2022-05-19,2.3349102289981043,-0.6267659366130829
2022-05-20,0.9008250836534819,0.6968122906982899
2022-05-23,-2.665701710944802,0.5201259627938271
2022-05-24,-0.47372168020721483,-0.41490052826702595
2022-05-25,0.5075728982999582,-0.4417851101607084
2022-05-26,3.2956390810113465,0.20221290178596973
2022-05-27,0.8516584335905528,0.8050738833844662
2022-05-31,-0.34882840522032366,0.46962136402726173
2022-06-01,0.5118896029411891,0.08638283470645547
2022-06-02,1.3775995315433056,0.1312279375270009
2022-06-03,1.6825102664999374,0.40189633145928383
2022-06-06,-0.3122386047105749,0.4708194639533758
2022-06-07,0.7620832712511951,0.31512659043073654
2022-06-08,2.2111186100619036,0.09474618127569556
2022-06-09,-0.49378525518286775,0.2697646152228117
2022-06-10,-0.6961166653115382,0.5097273271530867
2022-06-13,0.21500217942142905,0.0055423170124413446
2022-06-14,-1.681661477228602,-0.0868474890012294
2022-06-15,-3.13936590341402,0.08417927310802042
2022-06-16,0.7146563074019316,-0.48476275987923145
